,imie,imie2,nazwisko,data_ur,gmina,kraj,true_id
rec-0-org,murad,<NA>,aliyev,1996/03/05,<NA>,31,0
rec-0-dup-0,murac,<NA>,aziz,1969/03/05,<NA>,31,0
rec-1-org,elmir,<NA>,hasanov,1996/07/01,<NA>,31,1
rec-2-org,ewa,jakub,wagner,1968/04/18,<NA>,40,2
rec-3-org,md,<NA>,sultana,1989/03/01,<NA>,50,3
rec-4-org,vahagn,<NA>,khojoyan,1992/10/16,<NA>,51,4
rec-5-org,narek,<NA>,karapetyan,1992/10/16,1465188,51,5
rec-5-dup-0,narel,<NA>,karape6yan,1929/10/16,1465188,51,5
rec-6-org,krasimira,<NA>,tosun,1975/08/20,3021105,100,6
rec-7-org,hasan,<NA>,georgiev,1977/08/24,<NA>,100,7
rec-7-dup-0,hasam,<NA>,georg8ev,1977/08/24,<NA>,100,7
rec-8-org,ruslan,<NA>,hrytsko,1998/11/01,<NA>,112,8
rec-8-dup-0,rusłan,<NA>,hrytsmo,1989/11/01,<NA>,112,8
rec-8-dup-1,rusłan,<NA>,jrytsko,1989/11/01,<NA>,112,8
rec-9-org,leu,<NA>,ivanou,2014/02/14,<NA>,112,9
rec-10-org,yauheni,<NA>,hoishyk,1999/01/28,<NA>,112,10
rec-11-org,aliaksandr,<NA>,miadzvedzeva,1982/06/26,<NA>,112,11
rec-12-dup-0,iwan,<NA>,malrvich,1909/08/18,<NA>,112,12
rec-12-org,ivan,<NA>,malevich,1990/08/18,<NA>,112,12
rec-13-org,siarhei,<NA>,karneichyk,1990/01/16,<NA>,112,13
rec-14-org,uladzimir,<NA>,iliushyn,1969/07/23,<NA>,112,14
rec-15-org,aliaksei,<NA>,marashchuk,1988/05/08,<NA>,112,15
rec-16-org,andrei,<NA>,katliarou,1990/09/05,<NA>,112,16
rec-16-dup-0,andrew,<NA>,katliaeou,1909/09/05,<NA>,112,16
rec-17-org,stanislau,<NA>,matsiushonak,1986/03/08,1261049,112,17
rec-18-org,irina,<NA>,litviniuk,2008/07/09,<NA>,112,18
rec-19-org,iryna,<NA>,hrytskevich,1990/07/03,<NA>,112,19
rec-20-org,uladzimir,<NA>,drozd,1985/06/23,1061039,112,20
rec-21-org,maksim,<NA>,tsiushkevich,1997/03/15,<NA>,112,21
rec-22-org,vitali,<NA>,piatlitski,1977/07/15,<NA>,112,22
rec-23-org,kanstantsin,<NA>,paulouski,1987/06/25,<NA>,112,23
rec-24-org,siarhei,<NA>,babak,1976/03/10,<NA>,112,24
rec-25-org,yauheni,<NA>,karatysh,1994/12/05,<NA>,112,25
rec-26-dup-0,ilya,<NA>,darruski,1968/08/01,<NA>,112,26
rec-26-org,ilya,<NA>,dareuski,1986/08/01,<NA>,112,26
rec-27-org,alena,<NA>,baradzin,1996/02/29,<NA>,112,27
rec-28-org,nina,<NA>,litvinovich,1996/09/06,<NA>,112,28
rec-28-dup-0,nina,<NA>,litvinovicn,1969/09/06,1434041,112,28
rec-28-dup-1,ninq,<NA>,litvinov8ch,1969/09/06,<NA>,112,28
rec-29-org,karyna,<NA>,dainovich,1986/11/23,<NA>,112,29
rec-30-dup-0,dmitry,<NA>,kulimova,1917/10/15,1465058,112,30
rec-30-org,dzmitry,<NA>,kulikova,1971/10/15,1465058,112,30
rec-31-org,dzmitry,<NA>,lasouski,2020/01/04,3262011,112,31
rec-31-dup-0,dmitry,<NA>,lasousk8,2002/01/04,3262011,112,31
rec-31-dup-1,dmitry,<NA>,laso8ski,2002/01/04,3262011,112,31
rec-32-org,uladzislau,<NA>,stsiapanau,1974/08/09,<NA>,112,32
rec-33-org,aleksandra,<NA>,yarmantovich,1992/08/28,<NA>,112,33
rec-33-dup-0,aliaksandra,<NA>,yarmanyovich,1929/08/28,<NA>,112,33
rec-34-org,veranika,<NA>,shautsou,2004/06/24,<NA>,112,34
rec-35-org,aliaksandra,<NA>,lukashevich,1996/04/02,<NA>,112,35
rec-35-dup-0,aleksandra,<NA>,lukashevkch,1969/04/02,<NA>,112,35
rec-36-org,vitali,<NA>,kryvasheyeva,1988/06/13,<NA>,112,36
rec-37-dup-1,jeanne,<NA>,hinlo,1991/12/30,2205024,112,37
rec-37-dup-0,jeanne,<NA>,hinlo,1919/12/30,1465188,112,37
rec-37-org,zhanna,<NA>,hinko,1991/12/30,1465188,112,37
rec-38-org,viktar,<NA>,kharkevich,2020/01/10,<NA>,112,38
rec-39-org,aleh,<NA>,biryla,1992/12/08,<NA>,112,39
rec-40-org,viktar,<NA>,zelianiak,1993/01/20,1261029,112,40
rec-41-org,henadzi,<NA>,kalmykou,1980/06/27,2261011,112,41
rec-42-dup-0,vladzislav,<NA>,radkiewicz,1971/12/02,223052,112,42
rec-42-org,uladzislau,<NA>,radkevich,1971/12/02,<NA>,112,42
rec-43-org,aliaksandr,<NA>,sadouski,1984/06/10,1465058,112,43
rec-44-org,aliaksei,<NA>,kavalenka,1975/01/10,<NA>,112,44
rec-45-org,maryna,<NA>,talerchyk,2001/01/19,<NA>,112,45
rec-45-dup-1,marina,<NA>,tzlerchyk,2010/01/19,<NA>,112,45
rec-45-dup-0,marina,<NA>,talerchuk,2010/01/19,<NA>,112,45
rec-46-org,yauheni,<NA>,zhuk,1966/08/22,<NA>,112,46
rec-46-dup-0,eugeniusz,<NA>,żuk,1966/08/22,1212054,112,46
rec-47-org,viktar,<NA>,churai,1996/01/19,<NA>,112,47
rec-48-org,natallia,<NA>,kavetskaya,1987/08/12,1465038,112,48
rec-49-org,arseni,<NA>,dubavets,2001/08/13,1261049,112,49
rec-50-org,tatsiana,<NA>,holub,1975/11/06,<NA>,112,50
rec-51-org,nika,<NA>,zhuk,1971/05/09,<NA>,112,51
rec-52-org,anton,<NA>,vasilevich,2004/06/18,<NA>,112,52
rec-52-dup-0,antoni,<NA>,wasilewicz,2040/06/18,<NA>,112,52
rec-52-dup-1,antoni,<NA>,vasilevkch,2040/06/18,<NA>,112,52
rec-53-org,karyna,<NA>,baiko,1982/10/18,2261011,112,53
rec-54-org,yury,<NA>,yurkou,1993/05/17,<NA>,112,54
rec-55-dup-0,paweł,<NA>,hulok,2020/06/11,<NA>,112,55
rec-55-org,pavel,<NA>,hulik,2002/06/11,<NA>,112,55
rec-55-dup-1,pawel,<NA>,huluk,2002/06/11,613044,112,55
rec-56-org,viktar,<NA>,mukho,1987/01/19,1465178,112,56
rec-56-dup-0,viktaf,<NA>,mukh9,1978/01/19,1465178,112,56
rec-57-org,andrei,<NA>,sitnikau,2003/05/28,<NA>,112,57
rec-58-dup-0,vladimir,<NA>,tryfah,1958/07/23,<NA>,112,58
rec-58-org,uladzimir,<NA>,tryfan,1985/07/23,<NA>,112,58
rec-59-org,maksim,<NA>,baikou,1999/02/06,1465178,112,59
rec-60-org,stsiapan,<NA>,hryn,1988/03/31,<NA>,112,60
rec-61-org,mikita,<NA>,malyshka,1999/06/13,<NA>,112,61
rec-61-dup-1,mikitq,<NA>,malyshks,1999/06/13,2007062,112,61
rec-61-dup-0,mikuta,<NA>,malyahka,1999/06/13,601082,112,61
rec-62-org,daniil,<NA>,slavinskaya,1982/11/15,2470011,112,62
rec-63-org,luna,<NA>,sulima,1982/07/06,<NA>,112,63
rec-64-dup-1,ol3g,<NA>,tsiihanchuk,1937/02/08,<NA>,112,64
rec-64-org,oleg,<NA>,tsikhanchuk,1973/02/08,<NA>,112,64
rec-64-dup-0,olsg,<NA>,tsikhanchul,1937/02/08,<NA>,112,64
rec-65-org,katsiaryna,<NA>,sheremet,1992/09/10,<NA>,112,65
rec-65-dup-0,ekaterina,<NA>,shetemet,1929/09/10,<NA>,112,65
rec-66-org,viachaslau,<NA>,shpudzeika,1975/10/20,<NA>,112,66
rec-66-dup-0,vischaslau,<NA>,shpudzrika,1957/10/20,<NA>,112,66
rec-67-org,katsiaryna,<NA>,hreben,1967/11/07,<NA>,112,67
rec-68-org,ema,<NA>,ramanchuk,1977/01/20,<NA>,112,68
rec-69-dup-0,yah9r,<NA>,mau5yn,1918/04/10,3008012,112,69
rec-69-dup-1,yahoe,<NA>,mauryj,1918/04/10,3008012,112,69
rec-69-org,yahor,<NA>,mauryn,1981/04/10,3008012,112,69
rec-70-org,volha,<NA>,bialova,2004/08/04,<NA>,112,70
rec-71-org,yury,<NA>,kanavalau,2017/11/12,<NA>,112,71
rec-72-org,siarhei,<NA>,shymanets,1985/09/14,1432054,112,72
rec-72-dup-0,sergey,<NA>,shymwnets,1958/09/14,1432054,112,72
rec-73-org,anastasiya,<NA>,yurouskaya,1995/12/22,<NA>,112,73
rec-74-org,zhiming,<NA>,yuan,1990/07/14,<NA>,156,74
rec-75-org,wang,<NA>,chuang,1980/03/21,<NA>,156,75
rec-75-dup-0,wang,brakdanych,chuqng,1980/03/21,2469011,156,75
rec-76-org,sheng,<NA>,kong,1983/06/13,<NA>,156,76
rec-77-org,xiaolong,<NA>,lu,1982/04/01,<NA>,156,77
rec-78-org,guangjun,<NA>,yu,1984/10/23,<NA>,156,78
rec-78-dup-0,guangjun,brakdanych,y7,1948/10/23,<NA>,156,78
rec-79-org,paola,farid,trujillo rojas,1987/08/16,1465058,170,79
rec-80-org,pavla,<NA>,do,2009/12/16,264039,203,80
rec-81-org,anthony,michel,neveu,1985/07/13,<NA>,250,81
rec-82-dup-0,frabçois,<NA>,kunar,1937/06/12,<NA>,250,82
rec-82-org,françois,<NA>,kumar,1973/06/12,<NA>,250,82
rec-83-org,ana,<NA>,tsertsvadze,1988/06/01,<NA>,268,83
rec-84-org,elshan,<NA>,bantsuri,1989/11/03,<NA>,268,84
rec-84-dup-1,elahan,<NA>,bantauri,1998/11/03,<NA>,268,84
rec-84-dup-0,elsjan,<NA>,bants8ri,1998/11/03,<NA>,268,84
rec-85-org,leila,<NA>,malania,1986/06/05,<NA>,268,85
rec-85-dup-0,leils,<NA>,makania,1968/06/05,<NA>,268,85
rec-86-org,teona,<NA>,razmadze,1987/01/15,<NA>,268,86
rec-86-dup-1,teoja,<NA>,razmaeze,1978/01/15,<NA>,268,86
rec-86-dup-0,tepna,<NA>,razmwdze,1978/01/15,<NA>,268,86
rec-87-org,nikoloz,<NA>,chitishvili,1983/01/29,<NA>,268,87
rec-87-dup-0,goderdzishvili,<NA>,ch9tishvili,1938/01/29,<NA>,268,87
rec-88-org,giorgi,<NA>,kazimov,1991/10/05,<NA>,268,88
rec-89-dup-1,iea,<NA>,abdurakhmabov,1997/10/16,<NA>,268,89
rec-89-dup-0,i5a,<NA>,abdurakhkanov,1997/10/16,<NA>,268,89
rec-89-org,ira,<NA>,abdurakhmanov,1979/10/16,<NA>,268,89
rec-90-org,zviad,<NA>,gasanov,1974/04/12,<NA>,268,90
rec-91-org,tsira,<NA>,khosruashvili,1988/02/15,<NA>,268,91
rec-92-org,konstantine,<NA>,papaskiri,1972/04/14,<NA>,268,92
rec-93-dup-0,irona,<NA>,tksmaladze,1967/09/15,<NA>,268,93
rec-93-org,irina,<NA>,tkemaladze,1976/09/15,<NA>,268,93
rec-94-org,joni,<NA>,sajaia,1987/07/04,<NA>,268,94
rec-95-org,bachuki,<NA>,tskhvaradze,1975/08/07,<NA>,268,95
rec-96-org,tornike,<NA>,iskandarov,1985/01/19,<NA>,268,96
rec-97-org,kristine,<NA>,gurtskaia,1978/05/18,<NA>,268,97
rec-98-org,rafail,<NA>,dolidze,1989/10/19,<NA>,268,98
rec-99-org,karlo,<NA>,mshvenieradze,1999/01/13,<NA>,268,99
rec-99-dup-0,karl9,<NA>,mshvenieracze,1999/01/13,811044,268,99
rec-100-org,zurab,<NA>,gelashvili,1978/10/10,<NA>,268,100
rec-101-org,aslan,<NA>,gurbanova,1986/03/10,<NA>,268,101
rec-102-org,vitali,<NA>,kasradze,1988/09/03,<NA>,268,102
rec-103-org,frank,<NA>,schmidt,1980/07/15,<NA>,276,103
rec-104-org,krzysztof,<NA>,wilczyńska,1953/05/26,<NA>,276,104
rec-104-dup-0,krzyxztof,<NA>,wilcxyńska,1935/05/26,<NA>,276,104
rec-105-org,wladislaw,<NA>,kołodziej,1966/08/01,<NA>,276,105
rec-105-dup-0,wladisoaw,<NA>,kołodxiej,1966/08/01,3021164,276,105
rec-106-dup-0,henfyk,<NA>,barob,1945/12/28,<NA>,276,106
rec-106-dup-1,hejryk,<NA>,barin,1945/12/28,<NA>,276,106
rec-106-org,henryk,<NA>,baron,1954/12/28,<NA>,276,106
rec-107-org,antonia,<NA>,klug,1976/12/16,<NA>,276,107
rec-108-org,maren,<NA>,walter,1968/05/17,<NA>,276,108
rec-109-org,jadwiga,ryszard,majewska,1960/03/22,<NA>,276,109
rec-110-org,dieter,<NA>,mann,1979/04/15,<NA>,276,110
rec-111-org,torsten,wilhelm,böttcher,1956/07/28,<NA>,276,111
rec-112-org,piotr,<NA>,schulz,1977/09/08,<NA>,276,112
rec-112-dup-0,pioyr,<NA>,schulx,1977/09/08,<NA>,276,112
rec-113-org,kavita,<NA>,parab,1982/05/01,<NA>,356,113
rec-114-org,manohar,<NA>,rathod,1982/05/20,<NA>,356,114
rec-115-org,arijit,<NA>,mishra,1989/10/29,1465178,356,115
rec-116-org,dhruv,<NA>,<NA>,1986/11/03,<NA>,356,116
rec-116-dup-0,dhruv,brakdanych,bhagat,1968/11/03,<NA>,356,116
rec-117-dup-0,lokssh,brakdanych,ratbod,1988/08/22,<NA>,356,117
rec-117-dup-1,lokeah,riya,ratbod,1988/08/22,<NA>,356,117
rec-117-org,lokesh,<NA>,rathod,1988/08/22,<NA>,356,117
rec-118-org,lakshmanan,<NA>,rahman,1992/05/09,<NA>,356,118
rec-119-org,hiteshkumar,kumar,<NA>,1986/05/27,1465058,356,119
rec-119-dup-0,hiteshjumar,prince,sahani,1986/05/27,1465058,356,119
rec-120-org,sourabh,<NA>,motwani,1983/04/08,<NA>,356,120
rec-121-org,appala raju,kaushikbhai,<NA>,1993/06/15,<NA>,356,121
rec-122-org,indra,<NA>,<NA>,1997/05/19,<NA>,360,122
rec-123-org,angelo,<NA>,mauri,1974/08/15,<NA>,380,123
rec-124-org,michelangelo,<NA>,riccio,1994/04/13,<NA>,380,124
rec-125-org,ernesto,<NA>,basile,1971/10/04,<NA>,380,125
rec-125-dup-0,ernesro,<NA>,basole,1917/10/04,<NA>,380,125
rec-126-org,shuji,<NA>,kimura,1965/01/10,<NA>,392,126
rec-127-org,ayan,<NA>,fomin,2003/01/11,<NA>,398,127
rec-127-dup-0,ayaj,<NA>,fom9n,2030/01/11,<NA>,398,127
rec-128-org,valeriy,<NA>,yerdeshova,2003/05/24,<NA>,398,128
rec-129-org,sua,<NA>,kim,1983/02/18,<NA>,410,129
rec-130-dup-0,junf,<NA>,les,1938/02/18,<NA>,410,130
rec-130-org,jung,<NA>,lee,1983/02/18,<NA>,410,130
rec-131-org,gediminas,<NA>,sakalauskas,1985/06/13,<NA>,440,131
rec-132-org,anatolie,<NA>,olaru,1987/03/16,<NA>,498,132
rec-133-org,dumitru,<NA>,rusu,1996/12/29,<NA>,498,133
rec-134-org,andrei,<NA>,efrim,1981/02/25,<NA>,498,134
rec-135-org,galina,<NA>,bejenari,1976/08/30,<NA>,498,135
rec-135-dup-1,gslina,<NA>,bejensri,1976/08/30,1808042,498,135
rec-135-dup-0,galinq,<NA>,bejrnari,1967/08/30,<NA>,498,135
rec-136-org,iurie,<NA>,david,1995/09/27,<NA>,498,136
rec-136-dup-0,iur9e,<NA>,davic,1959/09/27,<NA>,498,136
rec-137-org,viorel,<NA>,tcacenco,1999/03/28,<NA>,498,137
rec-138-org,ghenadie,<NA>,morteanu,1982/10/22,<NA>,498,138
rec-139-org,leonid,<NA>,ivanov,1981/02/27,<NA>,498,139
rec-140-org,andrian,<NA>,pîslara?,1997/07/22,<NA>,498,140
rec-141-dup-1,violsta,<NA>,co?ofzn,1987/12/23,<NA>,498,141
rec-141-dup-0,viooeta,<NA>,co?ofsn,1987/12/23,<NA>,498,141
rec-141-org,violeta,<NA>,co?ofan,1978/12/23,<NA>,498,141
rec-142-dup-0,victoe,<NA>,bwranov,1909/03/17,<NA>,498,142
rec-142-org,victor,<NA>,baranov,1990/03/17,<NA>,498,142
rec-143-org,nicolae,<NA>,boico,1993/04/13,<NA>,498,143
rec-144-org,angela,<NA>,morari,1996/06/08,<NA>,498,144
rec-145-org,dinesh,<NA>,shrestha,1998/09/19,<NA>,524,145
rec-145-dup-0,dinesg,<NA>,sh4estha,1998/09/19,810021,524,145
rec-146-org,dal bahadur,<NA>,chaudhary,1991/08/31,<NA>,524,146
rec-147-org,martijn,cornelis,loijenga,1979/02/09,<NA>,528,147
rec-148-org,rodel,<NA>,corpuz,1987/09/18,<NA>,608,148
rec-149-dup-0,jennicer,manal0,salasar,1982/02/19,<NA>,608,149
rec-149-org,jennifer,manalo,salazar,1982/02/19,<NA>,608,149
rec-150-org,victor,<NA>,gabor,1985/12/03,<NA>,642,150
rec-151-org,casandra,<NA>,lăcătu?,1979/09/20,<NA>,642,151
rec-151-dup-0,casandfa,<NA>,lăxătu?,1997/09/20,<NA>,642,151
rec-152-org,pavel,<NA>,moldovan,1988/02/02,<NA>,642,152
rec-152-dup-0,pavwl,<NA>,mokdovan,1988/02/02,1206092,642,152
rec-153-org,pavel,<NA>,stan,1986/01/15,<NA>,642,153
rec-154-org,marina,<NA>,kolpakov,1999/10/01,<NA>,643,154
rec-155-org,mariia,<NA>,ivanov,1997/03/28,<NA>,643,155
rec-155-dup-0,mariyia,<NA>,ivabov,1979/03/28,<NA>,643,155
rec-156-org,roman,<NA>,smirnova,1984/06/24,<NA>,643,156
rec-157-org,ekaterina,<NA>,ivanov,1990/04/23,<NA>,643,157
rec-158-org,artur,<NA>,nikitina,1996/07/05,<NA>,643,158
rec-159-org,oskar,<NA>,kuznetsova,1996/07/05,<NA>,643,159
rec-159-dup-0,osjar,arkadij,kuznetdova,1996/07/05,<NA>,643,159
rec-160-org,anna,<NA>,semenov,1970/01/01,<NA>,643,160
rec-160-dup-0,<NA>,borys,semenov,1907/01/01,<NA>,643,160
rec-160-dup-1,<NA>,german,semenoc,1970/01/01,<NA>,643,160
rec-161-org,nikita,<NA>,stepanov,2002/07/26,<NA>,643,161
rec-162-org,stanislava,<NA>,lisitsyna,1983/06/05,<NA>,643,162
rec-163-org,angelina,<NA>,ibragimov,1994/01/04,<NA>,643,163
rec-163-dup-0,angelkna,ella,ibfagimov,1994/01/04,<NA>,643,163
rec-164-org,milana,<NA>,kuzmina,1993/11/15,<NA>,643,164
rec-165-org,miriam,<NA>,szabó,1990/01/18,<NA>,703,165
rec-166-org,thi quyen,<NA>,le,1995/08/13,<NA>,704,166
rec-167-org,minh,binh,bui,1984/02/16,<NA>,704,167
rec-168-dup-0,vantoan,<NA>,nguyen,1929/01/20,<NA>,704,168
rec-168-dup-1,vantoan,brakdanych,nguyen,1992/01/20,<NA>,704,168
rec-168-org,toan,<NA>,nguy?n,1992/01/20,<NA>,704,168
rec-169-org,th? m?n,<NA>,??,1982/10/10,<NA>,704,169
rec-170-org,văn th?nh,<NA>,?oan,1982/06/23,<NA>,704,170
rec-171-org,tonderai,<NA>,siziba,2001/09/06,<NA>,716,171
rec-172-org,xavier,<NA>,gonzalez garcia,1998/12/01,<NA>,724,172
rec-173-org,silvia,<NA>,rodriguez,2000/04/06,<NA>,724,173
rec-173-dup-0,silbia,<NA>,rodruguez,2000/04/06,<NA>,724,173
rec-174-org,zofia,<NA>,larsson,1995/02/23,<NA>,752,174
rec-175-org,bülent,<NA>,özmen,1990/03/17,<NA>,792,175
rec-176-org,aylin,<NA>,çakar,1991/02/07,<NA>,792,176
rec-177-org,süleyman,<NA>,kahya,1993/07/15,<NA>,792,177
rec-178-org,zehra,<NA>,kuyumcu,1993/07/28,<NA>,792,178
rec-179-org,özgür,<NA>,korkmaz,2002/01/01,<NA>,792,179
rec-180-org,cengizhan,<NA>,yüce,2001/02/06,<NA>,792,180
rec-180-dup-0,cengixhan,inan,yüde,2001/02/06,<NA>,792,180
rec-180-dup-1,cengizhsn,<NA>,yüfe,2010/02/06,<NA>,792,180
rec-181-org,emrah,<NA>,bozkir,1989/09/07,<NA>,792,181
rec-181-dup-0,emrah,inan,bozki5,1998/09/07,<NA>,792,181
rec-181-dup-1,emrah,inan,b0zkir,1998/09/07,<NA>,792,181
rec-182-org,zafer,nur,özkan,1996/08/10,<NA>,792,182
rec-183-org,betül,<NA>,boz,2003/01/31,<NA>,792,183
rec-184-org,chary,<NA>,gurbangeldiyev,1992/06/18,<NA>,795,184
rec-185-org,maksym,<NA>,podlenko,1985/06/07,<NA>,804,185
rec-186-dup-1,anastasya,<NA>,radjo,1909/01/11,<NA>,804,186
rec-186-dup-0,anatasiia,roman,radlo,1990/01/11,<NA>,804,186
rec-186-org,anastasiia,<NA>,radko,1990/01/11,<NA>,804,186
rec-187-org,kira,<NA>,ostapovych,1967/02/16,<NA>,804,187
rec-188-org,viktor,<NA>,nykoniuk,2007/09/11,<NA>,804,188
rec-189-org,maryna,<NA>,tymofieienko,2019/03/18,2262011,804,189
rec-190-org,viktoriia,<NA>,nesterenko,1962/02/11,<NA>,804,190
rec-190-dup-0,wiktoria,teodor,nesterenko,1926/02/11,<NA>,804,190
rec-191-org,inna,<NA>,koshlan,1992/11/18,<NA>,804,191
rec-192-org,vasyl,<NA>,nikitchenko,1997/07/16,1465128,804,192
rec-193-org,alisa,<NA>,kyzyk,1971/06/11,<NA>,804,193
rec-194-org,kostiantyn,<NA>,simak,1995/03/26,<NA>,804,194
rec-195-org,viktoriia,<NA>,bahmut,1967/09/06,<NA>,804,195
rec-195-dup-1,wiktoria,oksana,bahm8t,1967/09/06,<NA>,804,195
rec-195-dup-0,wiktoriya,<NA>,bajmut,1976/09/06,<NA>,804,195
rec-196-org,hanna,<NA>,liubenko,1971/11/20,<NA>,804,196
rec-197-org,yaroslav,<NA>,vizichkanych,1979/02/02,<NA>,804,197
rec-198-org,nazar,<NA>,choban,2018/10/03,<NA>,804,198
rec-199-org,svitlana,<NA>,rakocha,2015/09/09,<NA>,804,199
rec-200-org,pavlo,<NA>,radetskyi,1965/03/19,<NA>,804,200
rec-200-dup-0,pawlo,nazar,radeyskyi,1965/03/19,<NA>,804,200
rec-200-dup-1,paweł,<NA>,radetdkyi,1956/03/19,<NA>,804,200
rec-201-org,karolina,<NA>,karpovets,1978/07/08,<NA>,804,201
rec-202-dup-0,jarosława,maksym,puz8kov,1980/10/24,<NA>,804,202
rec-202-org,yaroslava,<NA>,puzikov,1980/10/24,<NA>,804,202
rec-203-org,nataliia,<NA>,suprun,1996/03/07,<NA>,804,203
rec-203-dup-1,nataliy,nazar,suprun,1969/03/07,<NA>,804,203
rec-203-dup-0,nataliy,denys,suprub,1996/03/07,<NA>,804,203
rec-204-org,mykola,<NA>,buhaichuk,1974/12/28,<NA>,804,204
rec-205-org,yevhenii,<NA>,sorochynska,1987/08/29,<NA>,804,205
rec-206-dup-0,melnyk,ostap,lysy9,1976/04/01,<NA>,804,206
rec-206-org,kristina,<NA>,lysyi,1976/04/01,<NA>,804,206
rec-207-org,oleksandr,<NA>,nazarenko,2002/05/03,<NA>,804,207
rec-208-org,artur,<NA>,havryliuk,1984/06/19,<NA>,804,208
rec-209-org,halyna,<NA>,vasylchenko,1998/08/09,<NA>,804,209
rec-209-dup-0,hal6na,maksym,miklovsh,1998/08/09,<NA>,804,209
rec-210-org,sofiia,<NA>,lazarieva,2002/09/22,3262011,804,210
rec-211-org,volodymir,<NA>,halkina,2011/05/24,<NA>,804,211
rec-212-org,viktor,<NA>,riabov,1985/08/17,<NA>,804,212
rec-212-dup-1,wiktor,<NA>,riabob,1958/08/17,<NA>,804,212
rec-212-dup-0,wiktor,<NA>,riahov,1958/08/17,<NA>,804,212
rec-213-org,yuliia,<NA>,lubko,2018/06/20,<NA>,804,213
rec-214-org,nikita,<NA>,muchak,2006/10/12,<NA>,804,214
rec-214-dup-0,nikits,bohdana,mucnak,2006/10/12,<NA>,804,214
rec-215-org,nataliia,<NA>,moskalenko,1993/09/22,<NA>,804,215
rec-216-org,wladyslawa,<NA>,malei,1972/03/25,<NA>,804,216
rec-216-dup-0,wladyslwwa,<NA>,maleo,1927/03/25,<NA>,804,216
rec-216-dup-1,wladyzlawa,dmytro,malei,1972/03/25,1007052,804,216
rec-217-org,yeva,<NA>,mudryk,2002/06/29,<NA>,804,217
rec-218-dup-1,davyr,nina,yelizarova,2002/11/25,<NA>,804,218
rec-218-dup-0,davye,<NA>,elizarova,2002/11/25,<NA>,804,218
rec-218-org,davyd,<NA>,yelizarova,2020/11/25,<NA>,804,218
rec-219-org,volodymyr,<NA>,korop,1990/08/13,<NA>,804,219
rec-220-org,hanna,<NA>,konashuk,1953/02/02,<NA>,804,220
rec-220-dup-0,hanna-mariia,nazar,konashuk,1935/02/02,<NA>,804,220
rec-221-org,mykola,<NA>,kovalova,2001/05/08,<NA>,804,221
rec-222-dup-0,ołena,<NA>,romanebko,1909/02/06,<NA>,804,222
rec-222-org,olena,<NA>,romanenko,1990/02/06,<NA>,804,222
rec-223-org,sofiia,<NA>,martianov,1978/12/31,<NA>,804,223
rec-224-org,artur,<NA>,denysiuk,1975/07/12,<NA>,804,224
rec-224-dup-1,arrur,<NA>,denysouk,1957/07/12,<NA>,804,224
rec-224-dup-0,artue,<NA>,denysuuk,1957/07/12,<NA>,804,224
rec-225-dup-0,iruna,roman,yahodyjets,1999/05/27,<NA>,804,225
rec-225-dup-1,viktoriya,nina,yahofynets,1999/05/27,<NA>,804,225
rec-225-org,iryna,<NA>,yahodynets,1999/05/27,<NA>,804,225
rec-226-org,diana,<NA>,petriv,1981/05/31,<NA>,804,226
rec-227-dup-0,andrii,bohdan,kaahuba,1956/11/11,<NA>,804,227
rec-227-org,andrii,<NA>,kashuba,1965/11/11,<NA>,804,227
rec-228-dup-0,ołena,bohdana,babenko,2020/01/14,<NA>,804,228
rec-228-dup-1,olwna,bożena,babenko,2020/01/14,<NA>,804,228
rec-228-org,olena,<NA>,babenko,2002/01/14,<NA>,804,228
rec-229-org,lesia,<NA>,bulat,1970/07/26,<NA>,804,229
rec-230-dup-1,anastasija,<NA>,nasy5ova,1981/09/08,218044,804,230
rec-230-dup-0,anastasiia,raisa,nasyroga,1918/09/08,2261011,804,230
rec-230-org,anastasiia,<NA>,nasyrova,1981/09/08,2261011,804,230
rec-231-org,artur,<NA>,oliinyk,2003/06/27,<NA>,804,231
rec-232-org,bohdan,<NA>,bondarenko,2015/06/10,<NA>,804,232
rec-233-org,nikol,<NA>,boichenko,1970/07/16,<NA>,804,233
rec-234-org,lubow,<NA>,protsenko,1985/03/23,<NA>,804,234
rec-235-org,emil,<NA>,tykhonov,1981/01/07,<NA>,804,235
rec-236-org,viktoriia,<NA>,danylyshyn,2020/09/03,<NA>,804,236
rec-237-org,mykhailo,<NA>,oliinyk,1987/11/02,<NA>,804,237
rec-238-dup-0,poliha,<NA>,nemyrovanhi,1927/09/30,<NA>,804,238
rec-238-dup-1,pokina,stepan,nemyrovanyi,1927/09/30,<NA>,804,238
rec-238-org,polina,<NA>,nemyrovanyi,1972/09/30,<NA>,804,238
rec-239-dup-0,olga,orest,parkun,1980/04/09,<NA>,804,239
rec-239-org,olha,<NA>,parkin,1980/04/09,<NA>,804,239
rec-240-org,nataliia,<NA>,kirilenko,2004/05/14,<NA>,804,240
rec-241-org,nataliya,<NA>,zhuravlov,1974/09/22,<NA>,804,241
rec-241-dup-1,nataliya,tamara,żurawlow,1947/09/22,<NA>,804,241
rec-241-dup-0,natalia,jarosław,żurawlow,1974/09/22,<NA>,804,241
rec-242-org,dmytro,<NA>,severyn,1992/06/20,<NA>,804,242
rec-242-dup-1,ott,teodor,severyn,1929/06/20,<NA>,804,242
rec-242-dup-0,sylchenko,inna,severyn,1929/06/20,<NA>,804,242
rec-243-org,olena,<NA>,balakai,2004/12/29,<NA>,804,243
rec-244-org,tetiana,<NA>,sharaban,1982/11/17,<NA>,804,244
rec-245-org,nikita,<NA>,sarakhman,2015/08/31,611011,804,245
rec-246-dup-1,valeriya,<NA>,sirejko,2060/11/10,<NA>,804,246
rec-246-org,valeriia,<NA>,sirenko,2006/11/10,<NA>,804,246
rec-246-dup-0,valeriya,stanisława,sieenko,2006/11/10,<NA>,804,246
rec-247-org,maryna,<NA>,chasovskykh,1967/04/10,<NA>,804,247
rec-248-org,oleksandr,<NA>,kandyba,1990/09/08,<NA>,804,248
rec-249-org,vladyslav,<NA>,skopychenko,1971/01/28,<NA>,804,249
rec-250-org,liudmyla,<NA>,parshyn,2009/09/04,<NA>,804,250
rec-250-dup-1,liudmyla,roman,parsh6n,2090/09/04,<NA>,804,250
rec-250-dup-0,lyudmyla,orest,pa4shyn,2009/09/04,<NA>,804,250
rec-251-dup-0,serhii,<NA>,babejko,1989/04/21,<NA>,804,251
rec-251-dup-1,sergiy,stepan,gulka,1989/04/21,<NA>,804,251
rec-251-org,sergiy,<NA>,babenko,1998/04/21,<NA>,804,251
rec-252-org,volodymyr,<NA>,zhyliuk,2004/08/09,<NA>,804,252
rec-253-org,nelia,<NA>,pylypchynets,2018/01/26,<NA>,804,253
rec-254-org,tetiana,<NA>,storubel,2017/10/07,<NA>,804,254
rec-255-org,anastasiia,<NA>,odarych,1953/02/24,<NA>,804,255
rec-256-org,zlata,<NA>,serdiuk,1998/01/22,<NA>,804,256
rec-257-dup-1,vasyl,<NA>,patsei,1907/03/31,<NA>,804,257
rec-257-dup-0,vasyl,taras,patsei,1970/03/31,<NA>,804,257
rec-257-org,oleh,<NA>,holovko,1970/03/31,<NA>,804,257
rec-258-org,svitlana,<NA>,besyada,2011/08/06,<NA>,804,258
rec-259-org,lesya,<NA>,holub,1980/01/14,<NA>,804,259
rec-260-org,oksana,<NA>,maievskyi,2015/10/06,<NA>,804,260
rec-261-dup-0,serhii,petro,shavk7n,1927/08/19,<NA>,804,261
rec-261-org,serhii,<NA>,shavkun,1972/08/19,<NA>,804,261
rec-262-org,sofiia,<NA>,borysevych,1989/11/05,<NA>,804,262
rec-263-dup-0,nicoo,antonina,ustinoga,1988/12/02,3008034,804,263
rec-263-dup-1,nifol,artem,ustibova,1988/12/02,3008034,804,263
rec-263-org,nicol,<NA>,ustinova,1988/12/02,3008034,804,263
rec-264-org,liubov,<NA>,avakov,1981/01/31,<NA>,804,264
rec-265-dup-0,mariia,maryna,yadhnyk,1948/06/04,<NA>,804,265
rec-265-dup-1,mariya,stanisława,yashnyk,1948/06/04,<NA>,804,265
rec-265-org,mariia,<NA>,yashnyk,1984/06/04,<NA>,804,265
rec-266-org,anastasiia,<NA>,malakhova,1995/09/23,<NA>,804,266
rec-266-dup-0,anastas9ia,<NA>,maoakhova,1959/09/23,<NA>,804,266
rec-267-org,yuliia,<NA>,vasylchenko,2011/10/10,<NA>,804,267
rec-268-dup-0,oleksii,ostap,plakbova,1958/11/24,<NA>,804,268
rec-268-org,oleksii,<NA>,plakhova,1985/11/24,<NA>,804,268
rec-269-org,tetiana,<NA>,divichenko,1967/07/27,<NA>,804,269
rec-270-dup-1,ołena,inna,riabukov,2012/11/12,<NA>,804,270
rec-270-dup-0,olena,borys,riabik0v,2021/11/12,<NA>,804,270
rec-270-org,olena,<NA>,riabikov,2012/11/12,<NA>,804,270
rec-271-org,yurii,<NA>,doroshenko,1973/04/24,<NA>,804,271
rec-272-dup-0,alona,lubomir,soroka,1938/03/02,<NA>,804,272
rec-272-dup-1,alona,<NA>,sorlka,1938/03/02,<NA>,804,272
rec-272-org,aliona,<NA>,soroka,1983/03/02,<NA>,804,272
rec-273-org,olha,<NA>,datsiuk,2014/03/06,<NA>,804,273
rec-274-org,artem,<NA>,kravchuk,2002/09/03,<NA>,804,274
rec-274-dup-0,atrem,<NA>,shemota,2020/09/03,<NA>,804,274
rec-275-org,viktor,<NA>,mambyk,1997/03/27,<NA>,804,275
rec-276-dup-0,yuriy,anton,niiazova,2050/12/29,<NA>,804,276
rec-276-dup-1,yuriy,<NA>,niiaaova,2050/12/29,<NA>,804,276
rec-276-org,yurii,<NA>,niiazova,2005/12/29,<NA>,804,276
rec-277-org,dmytro,<NA>,martsinko,1949/08/24,<NA>,804,277
rec-278-org,yeseniia,<NA>,balushka,1995/03/13,<NA>,804,278
rec-279-org,mykola,<NA>,skrypka,2020/05/07,<NA>,804,279
rec-280-dup-0,mykola,bożena,rog9vets,1968/08/17,<NA>,804,280
rec-280-org,mykola,<NA>,rogovets,1986/08/17,<NA>,804,280
rec-281-org,karen,<NA>,troian,2015/06/26,<NA>,804,281
rec-282-org,mykhailo,<NA>,kantsedal,2004/07/22,<NA>,804,282
rec-283-org,valeriia,<NA>,dobryi,1982/08/10,<NA>,804,283
rec-284-org,dmytro,<NA>,oprisnyk,1973/09/06,<NA>,804,284
rec-285-org,mariia,<NA>,kostrytsia,2007/11/18,<NA>,804,285
rec-286-org,yuliia,<NA>,terekhova,1984/11/07,<NA>,804,286
rec-287-org,volodymyr,<NA>,sharipova,2000/11/12,1210164,804,287
rec-288-org,zoriana,<NA>,krat,1984/07/22,<NA>,804,288
rec-289-org,lyubov,<NA>,onyshchenko,1990/09/08,<NA>,804,289
rec-290-dup-0,tsaruk,maksym,zadorovska,1948/01/10,<NA>,804,290
rec-290-org,mykhailo,<NA>,zadorovska,1984/01/10,<NA>,804,290
rec-291-dup-1,luka,<NA>,al3ksandrova,1929/02/21,<NA>,804,291
rec-291-dup-0,alina,taras,aleksanerova,1929/02/21,<NA>,804,291
rec-291-org,alina,<NA>,aleksandrova,1992/02/21,<NA>,804,291
rec-292-org,valerii,<NA>,diakonenko,2014/05/25,<NA>,804,292
rec-293-org,alina,<NA>,kens,1999/06/08,261011,804,293
rec-294-org,denys,<NA>,dzhochka,1992/01/15,<NA>,804,294
rec-294-dup-0,<NA>,stanisław,dzhochka,1929/01/15,<NA>,804,294
rec-294-dup-1,<NA>,taras,dzhochka,1992/01/15,3010124,804,294
rec-295-org,ivan,<NA>,antoniuk,2000/03/06,<NA>,804,295
rec-296-org,olha,<NA>,vyval,2014/12/21,<NA>,804,296
rec-297-org,yaroslav,<NA>,liubych,1962/11/09,<NA>,804,297
rec-298-org,kira,<NA>,andrushko,1973/02/05,<NA>,804,298
rec-299-org,ivan,<NA>,dovhopolyi,1976/01/14,<NA>,804,299
rec-300-org,yuliia,<NA>,bilous,1979/09/04,<NA>,804,300
rec-301-org,daria,<NA>,syrotiuk,1997/08/15,<NA>,804,301
rec-302-dup-0,zbitniewa,<NA>,herasymers,1908/04/26,<NA>,804,302
rec-302-dup-1,yevheniya,<NA>,berasymets,1908/04/26,<NA>,804,302
rec-302-org,yevheniia,<NA>,herasymets,1980/04/26,<NA>,804,302
rec-303-org,liubov,<NA>,ilchenko,1991/07/12,<NA>,804,303
rec-304-dup-1,<NA>,antonina,kushchwva,2003/05/25,<NA>,804,304
rec-304-dup-0,<NA>,<NA>,kushchevs,2030/05/25,<NA>,804,304
rec-304-org,nina,<NA>,kushcheva,2003/05/25,<NA>,804,304
rec-305-dup-0,sergiusz,anna,pozdniakova,1958/11/25,<NA>,804,305
rec-305-org,sergii,<NA>,pozdniakova,1985/11/25,<NA>,804,305
rec-306-dup-0,wiktoriya,taras,murza,1978/07/20,<NA>,804,306
rec-306-org,viktoriia,<NA>,murza,1987/07/20,<NA>,804,306
rec-306-dup-1,wiktoriya,dmytro,muraa,1987/07/20,<NA>,804,306
rec-307-org,yevhenii,<NA>,baius,1994/01/07,1061059,804,307
rec-308-org,maiia,<NA>,dobrovinskyi,1979/02/11,<NA>,804,308
rec-309-dup-1,jan,<NA>,puts,1978/12/09,2402022,804,309
rec-309-org,ivan,<NA>,puts,1987/12/09,1405044,804,309
rec-309-dup-0,jan,raisa,purs,1987/12/09,1405044,804,309
rec-310-org,ivan,<NA>,shevchuk,2012/01/08,<NA>,804,310
rec-311-org,iryna,<NA>,bondarenko,2006/05/04,<NA>,804,311
rec-312-org,yuliia,<NA>,lebedieva,1991/09/04,<NA>,804,312
rec-312-dup-0,yulyia,<NA>,leb4dieva,1919/09/04,<NA>,804,312
rec-313-org,oleksandr,<NA>,porplytsia,1984/08/08,1465148,804,313
rec-314-dup-1,roman,denys,bryah,1973/02/11,264039,804,314
rec-314-org,roman,<NA>,bryzh,1973/02/11,<NA>,804,314
rec-314-dup-0,<NA>,<NA>,bryxh,1937/02/11,<NA>,804,314
rec-315-org,liudmyla,<NA>,shamrylo,1996/01/23,<NA>,804,315
rec-316-org,mykyta,<NA>,kishyk,1977/11/19,<NA>,804,316
rec-316-dup-0,mikita,denys,kishuk,1977/11/19,<NA>,804,316
rec-317-org,oleksii,<NA>,nechypurenko,2011/02/12,<NA>,804,317
rec-318-org,yana,<NA>,pekha,2010/10/22,<NA>,804,318
rec-318-dup-0,jana,<NA>,gudel,2001/10/22,<NA>,804,318
rec-318-dup-1,iana,<NA>,gudel,2001/10/22,<NA>,804,318
rec-319-org,oleksandr,<NA>,petlytsia,1984/01/04,<NA>,804,319
rec-320-org,mariya,<NA>,aristova,2023/01/23,<NA>,804,320
rec-321-org,ilarii,<NA>,kadukha,1982/05/03,<NA>,804,321
rec-322-org,yana,<NA>,melnyk,1971/11/26,<NA>,804,322
rec-323-org,hlib,<NA>,vilhan,2018/09/20,<NA>,804,323
rec-324-org,dmytro,<NA>,horb,1981/03/18,<NA>,804,324
rec-325-org,denis,<NA>,parchuk,1980/11/22,<NA>,804,325
rec-326-org,anton,<NA>,ivaskiv,1980/07/04,<NA>,804,326
rec-326-dup-0,<NA>,stanisława,ivaxkiv,1980/07/04,<NA>,804,326
rec-327-org,yuliia,<NA>,poberezhets,1987/03/20,<NA>,804,327
rec-328-org,daria,<NA>,yakymenko,1970/12/02,<NA>,804,328
rec-329-org,nikita,<NA>,kostiukevych,1992/10/14,<NA>,804,329
rec-330-org,kateryna,<NA>,matiiek,2009/05/26,<NA>,804,330
rec-331-org,oksana,<NA>,seredokha,2003/05/13,<NA>,804,331
rec-332-dup-0,sofiya,stanisław,shukhina,1995/11/04,<NA>,804,332
rec-332-org,sofiia,<NA>,shulhina,1995/11/04,<NA>,804,332
rec-333-org,andrii,<NA>,pynko,2018/06/16,<NA>,804,333
rec-334-org,yevheniia,<NA>,semak,2013/06/01,<NA>,804,334
rec-335-org,vladyslav,<NA>,mikhno,1998/09/11,<NA>,804,335
rec-336-org,volodymyr,<NA>,ilkiv,2005/10/18,<NA>,804,336
rec-337-org,khrystyna,<NA>,koval,1973/11/27,<NA>,804,337
rec-338-dup-0,vitoria,<NA>,kocimska,1929/10/02,<NA>,804,338
rec-338-dup-1,viktoriya,teodor,karpenko,1929/10/02,<NA>,804,338
rec-338-org,viktoriia,<NA>,karpenko,1992/10/02,<NA>,804,338
rec-339-org,oleksii,<NA>,horbach,1989/02/06,<NA>,804,339
rec-340-org,dmytro,<NA>,chernihovets,1971/03/14,<NA>,804,340
rec-341-org,tetiana,<NA>,knivets,2007/02/14,<NA>,804,341
rec-342-org,yaroslav,<NA>,karman,1999/09/23,<NA>,804,342
rec-343-dup-0,oleksndr,maryna,lu6syshyn,1955/01/09,<NA>,804,343
rec-343-org,oleksandr,<NA>,lutsyshyn,1955/01/09,<NA>,804,343
rec-343-dup-1,oleksnadr,anton,lutsysbyn,1955/01/09,<NA>,804,343
rec-344-org,vasyl,<NA>,sydoruk,1974/02/11,<NA>,804,344
rec-345-org,nadiia,<NA>,zabirko,1985/10/19,<NA>,804,345
rec-346-org,serhii,<NA>,grabowska,1986/05/22,<NA>,804,346
rec-347-org,valerii,<NA>,chernysh,2014/07/31,<NA>,804,347
rec-348-org,fedir,<NA>,rubel,1964/09/05,<NA>,804,348
rec-349-org,valerii,<NA>,bychko,1985/03/08,<NA>,804,349
rec-349-dup-0,valeriy,<NA>,bydhko,1958/03/08,<NA>,804,349
rec-350-org,serhii,<NA>,bosyi,1997/06/13,<NA>,804,350
rec-350-dup-0,stefan,maksym,bosyo,1997/06/13,<NA>,804,350
rec-351-org,oleksandra,<NA>,reshetniak,2010/05/12,<NA>,804,351
rec-352-org,hanna,<NA>,kolodii,1986/01/29,<NA>,804,352
rec-353-org,iryna,<NA>,semchyk,2016/12/03,<NA>,804,353
rec-354-dup-0,tetyana,tamara,kostabdi,1997/04/19,<NA>,804,354
rec-354-org,tetiana,<NA>,kostandi,1997/04/19,<NA>,804,354
rec-355-org,halyna,<NA>,bobonych,1981/05/26,<NA>,804,355
rec-356-dup-0,alisia,<NA>,dudi8,1994/09/01,1061059,804,356
rec-356-dup-1,aliza,artem,dusii,1994/09/01,<NA>,804,356
rec-356-org,alisa,<NA>,dudii,1994/09/01,<NA>,804,356
rec-357-org,viacheslav,<NA>,telcharov,1984/11/17,<NA>,804,357
rec-358-org,nataliia,<NA>,svorin,1997/07/27,<NA>,804,358
rec-359-org,myroslav,<NA>,kravets,1975/08/18,<NA>,804,359
rec-359-dup-0,mirosław,<NA>,kravets-białk,1957/08/18,<NA>,804,359
rec-360-org,vladyslava,<NA>,moldovanova,1986/03/23,<NA>,804,360
rec-360-dup-0,vlad7slava,orest,moldovanova,1968/03/23,<NA>,804,360
rec-361-org,andrii,<NA>,malitska,1984/02/10,<NA>,804,361
rec-361-dup-0,leonid,fedir,malitska,1948/02/10,<NA>,804,361
rec-361-dup-1,andrii,bohdana,malitsma,1948/02/10,<NA>,804,361
rec-362-org,mykhailo,<NA>,kyrychenko,1957/01/22,<NA>,804,362
rec-363-dup-1,nataliua,raisa,romaniuk,1967/02/01,<NA>,804,363
rec-363-dup-0,natalya,borys,romaniuk,1967/02/01,<NA>,804,363
rec-363-org,nataliia,<NA>,romaniuk,1976/02/01,<NA>,804,363
rec-364-org,olha,<NA>,zaritska,2020/11/02,<NA>,804,364
rec-365-dup-0,ihor,anton,turyk,1958/01/27,<NA>,804,365
rec-365-org,ihor,<NA>,shvets,1985/01/27,<NA>,804,365
rec-366-org,kateryna,<NA>,polets,2017/02/13,<NA>,804,366
rec-366-dup-0,yekaterina,inna,polets,2071/02/13,<NA>,804,366
rec-366-dup-1,katrina,iwan,polets,2071/02/13,<NA>,804,366
rec-367-org,nataliya,<NA>,trunov,1997/03/17,<NA>,804,367
rec-368-org,nataliia,<NA>,zahorulko,1954/05/17,<NA>,804,368
rec-368-dup-0,natalya,maksym,zahoeulko,1954/05/17,<NA>,804,368
rec-368-dup-1,nataluia,dmytro,zahorjlko,1954/05/17,<NA>,804,368
rec-369-org,viktoriia,<NA>,stasiuk,2001/10/27,<NA>,804,369
rec-369-dup-0,wiktorija,fedir,wierzbińska,2001/10/27,<NA>,804,369
rec-370-org,mykola,<NA>,dobrovolskyi,2003/09/17,<NA>,804,370
rec-370-dup-0,mykoła,raisa,dobrovooskyi,2003/09/17,<NA>,804,370
rec-371-dup-0,polona,anna,labau,1995/02/20,<NA>,804,371
rec-371-org,polina,<NA>,labai,1995/02/20,<NA>,804,371
rec-372-org,oleksandr,<NA>,yerofeiev,1972/03/28,<NA>,804,372
rec-373-org,inna,<NA>,romaniuk,1998/08/19,<NA>,804,373
rec-374-org,iryna,<NA>,fedorenko,1984/03/24,<NA>,804,374
rec-375-org,anastasiia,<NA>,telytsia,1983/05/27,<NA>,804,375
rec-375-dup-0,anastasiia,dmytro,telytdia,1938/05/27,<NA>,804,375
rec-376-org,liudmyla,<NA>,liakhman,1976/01/13,<NA>,804,376
rec-377-dup-1,taisiya,anton,szalanska,1967/08/20,<NA>,804,377
rec-377-dup-0,taisija,stanisława,yatsenko,1967/08/20,<NA>,804,377
rec-377-org,taisiia,<NA>,bondarenko,1967/08/20,<NA>,804,377
rec-378-org,mariia,<NA>,snizhko,1991/06/24,<NA>,804,378
rec-379-org,pavlina,<NA>,babiiuk,1976/03/26,<NA>,804,379
rec-380-dup-0,lyubov,<NA>,trofumchuk,2050/10/08,<NA>,804,380
rec-380-org,liubov,<NA>,trofymchuk,2005/10/08,<NA>,804,380
rec-381-org,svitlana,<NA>,marczenko,2000/04/26,<NA>,804,381
rec-382-org,kostiantyn,<NA>,abramova,1998/06/29,<NA>,804,382
rec-383-org,yosyp,<NA>,karpovska,1980/11/24,<NA>,804,383
rec-384-org,mariana,<NA>,ternova,1974/02/12,<NA>,804,384
rec-384-dup-0,vanina,<NA>,shymanska,1947/02/12,<NA>,804,384
rec-384-dup-1,vanina,maksym,shymanska,1974/02/12,<NA>,804,384
rec-385-org,maksym,<NA>,saletska,1965/10/10,<NA>,804,385
rec-386-org,oleksandra,<NA>,shramenko,1987/12/04,<NA>,804,386
rec-387-org,inna,<NA>,kotsaba,1985/04/12,<NA>,804,387
rec-387-dup-0,inna,maksym,kotsabw,1958/04/12,<NA>,804,387
rec-388-org,matvii,<NA>,shylo,2001/04/13,<NA>,804,388
rec-389-org,anna,<NA>,hordiiuk,1983/06/22,<NA>,804,389
rec-390-org,viktor,<NA>,pasichnyk,1976/06/17,<NA>,804,390
rec-391-org,svitlana,<NA>,hoha,1995/09/15,<NA>,804,391
rec-392-dup-0,oleksyi,taras,lykjo,2006/05/03,<NA>,804,392
rec-392-org,oleksii,<NA>,lykho,2006/05/03,<NA>,804,392
rec-393-org,vitalii,<NA>,zhyhalo,2000/01/05,<NA>,804,393
rec-394-dup-0,maryna-marharyta,<NA>,redzkuk,2050/08/14,<NA>,804,394
rec-394-dup-1,maryna-marharyta,<NA>,redz9uk,2050/08/14,<NA>,804,394
rec-394-org,maryna,<NA>,redziuk,2005/08/14,<NA>,804,394
rec-395-org,olena,<NA>,volkov,1998/01/06,<NA>,804,395
rec-396-org,ivan,<NA>,kochina,2005/05/27,<NA>,804,396
rec-397-org,viktor,<NA>,rykovska,1995/02/09,<NA>,804,397
rec-397-dup-0,wiktor,oksana,rykovska,1959/02/09,<NA>,804,397
rec-398-org,serhii,<NA>,moskalenko,2016/12/03,<NA>,804,398
rec-399-org,oleh,<NA>,lebid,1982/01/09,<NA>,804,399
rec-399-dup-0,vasyl,fedir,tytarenko,1982/01/09,<NA>,804,399
rec-400-org,anastasiia,<NA>,mosur,1982/02/14,<NA>,804,400
rec-401-org,olesia,<NA>,vysotska,1958/09/27,<NA>,804,401
rec-401-dup-0,olesya,maksym,wysocka,1958/09/27,<NA>,804,401
rec-402-dup-0,viktiriia,<NA>,volosgyna,1907/10/29,<NA>,804,402
rec-402-org,viktoriia,<NA>,voloshyna,1970/10/29,<NA>,804,402
rec-402-dup-1,wiktoriya,taras,voloshyna,1907/10/29,<NA>,804,402
rec-403-dup-0,oleksandr,stanisław,drechrvych,1906/12/25,<NA>,804,403
rec-403-org,oleksandr,<NA>,drechevych,1960/12/25,<NA>,804,403
rec-404-org,daryna,<NA>,mytulynskyi,1962/03/18,<NA>,804,404
rec-405-org,igor,<NA>,moseichuk,1992/02/01,<NA>,804,405
rec-406-dup-1,vladyskava,<NA>,chemeryw,2051/07/12,<NA>,804,406
rec-406-org,vladyslava,<NA>,chemerys,2015/07/12,<NA>,804,406
rec-406-dup-0,vlsdyslava,artem,cheme4ys,2015/07/12,<NA>,804,406
rec-407-org,iryna,<NA>,khoptiuk,2004/03/03,<NA>,804,407
rec-408-dup-0,svitłana,tamara,leskovetd,2022/02/02,<NA>,804,408
rec-408-org,svitlana,<NA>,leskovets,2022/02/02,<NA>,804,408
rec-409-org,kseniia,<NA>,tsivinska,1999/09/02,<NA>,804,409
rec-410-dup-0,chrystyna,raisa,zubkova,1987/03/25,<NA>,804,410
rec-410-org,krystyna,<NA>,zubkova,1978/03/25,<NA>,804,410
rec-411-dup-0,serhii,maryna,diach7k,2014/03/23,<NA>,804,411
rec-411-org,serhiy,<NA>,diachuk,2014/03/23,<NA>,804,411
rec-412-org,andrii,<NA>,prymak,1995/09/17,<NA>,804,412
rec-412-dup-0,andrzej,oksana,prymal,1995/09/17,<NA>,804,412
rec-413-org,viktoriia,<NA>,mamrych,1982/04/24,<NA>,804,413
rec-414-org,oleksandr,<NA>,saifutdinova,1966/01/01,<NA>,804,414
rec-415-org,vitalii,<NA>,kolesnyk,1981/07/23,<NA>,804,415
rec-416-org,yuliia,<NA>,svyryd,1946/04/20,<NA>,804,416
rec-417-org,dmytro,<NA>,trachuk,1957/08/08,<NA>,804,417
rec-418-org,ilona,<NA>,zelenko,2000/12/13,<NA>,804,418
rec-419-org,yuliia,<NA>,mykytiuk,2007/07/11,<NA>,804,419
rec-420-org,ivan,<NA>,ponomarchyk,2008/05/02,<NA>,804,420
rec-421-org,roman,<NA>,sichkar,1987/08/19,<NA>,804,421
rec-421-dup-0,roman,petro,sichlar,1978/08/19,<NA>,804,421
rec-422-dup-0,attiem,bohdana,kovaoenko,1963/01/08,<NA>,804,422
rec-422-org,artiem,<NA>,kovalenko,1963/01/08,<NA>,804,422
rec-422-dup-1,artiem,oksana,pomchenko,1936/01/08,<NA>,804,422
rec-423-org,tetiana,<NA>,chubar,1995/12/31,<NA>,804,423
rec-424-org,olha,<NA>,volkovskyi,1992/07/20,<NA>,804,424
rec-425-org,ivan,<NA>,iskra,2009/06/30,<NA>,804,425
rec-426-org,yeva,<NA>,zharova,1983/06/20,<NA>,804,426
rec-427-dup-0,piotr,<NA>,dzjura,2081/06/29,<NA>,804,427
rec-427-org,petro,<NA>,dzhura,2018/06/29,<NA>,804,427
rec-428-org,oleksandra,<NA>,zaiets,1996/08/20,<NA>,804,428
rec-428-dup-0,ołeksandra,raisa,zaiers,1996/08/20,<NA>,804,428
rec-429-org,sergii,<NA>,sribna,1962/06/14,<NA>,804,429
rec-429-dup-0,sergii,ustym,srivna,1926/06/14,<NA>,804,429
rec-430-org,halyna,<NA>,mykolaichuk,2009/07/16,<NA>,804,430
rec-430-dup-0,hałyna,petro,drążkowska,2009/07/16,<NA>,804,430
rec-430-dup-1,smysh,<NA>,drążkowska,2090/07/16,<NA>,804,430
rec-431-org,nikita,<NA>,petrovska,1974/04/23,<NA>,804,431
rec-432-org,andrii,<NA>,rohachuk,1980/03/31,<NA>,804,432
rec-432-dup-0,andrij,nazar,rohachik,1980/03/31,<NA>,804,432
rec-433-org,solomiia,<NA>,zla,2005/11/15,<NA>,804,433
rec-434-dup-0,serhi9,<NA>,malsnchak,1998/11/07,804044,804,434
rec-434-org,serhii,<NA>,malanchak,1998/11/07,<NA>,804,434
rec-435-dup-0,hałyna,<NA>,perdpechkin,2010/01/12,<NA>,804,435
rec-435-org,halyna,<NA>,perepechkin,2001/01/12,<NA>,804,435
rec-436-dup-1,yaroslaw,anna,buval4ts,1994/02/11,<NA>,804,436
rec-436-dup-0,yaroslaw,stanisław,buvalets,1949/02/11,<NA>,804,436
rec-436-org,yaroslav,<NA>,buvalets,1994/02/11,<NA>,804,436
rec-437-org,yuliia,<NA>,levytska,1989/11/15,<NA>,804,437
rec-438-dup-0,<NA>,teodor,kulisz,1985/08/07,<NA>,804,438
rec-438-org,dmytro,<NA>,kulish,1985/08/07,<NA>,804,438
rec-439-org,arina,<NA>,bohata,1993/06/26,<NA>,804,439
rec-440-org,nataliia,<NA>,bazhenov,1974/02/27,<NA>,804,440
rec-441-dup-0,jan,anna,yamskyi,1997/08/06,<NA>,804,441
rec-441-dup-1,ivan,petro,yamsmyi,1997/08/06,<NA>,804,441
rec-441-org,ivan,<NA>,yamskyi,1979/08/06,<NA>,804,441
rec-442-org,oleksandr,<NA>,melnyk,1994/03/06,<NA>,804,442
rec-443-org,viktoriia,<NA>,patiaka,1979/04/03,<NA>,804,443
rec-443-dup-0,wiktoriya,nina,patizka,1979/04/03,<NA>,804,443
rec-443-dup-1,vitoria,<NA>,pa5iaka,1997/04/03,<NA>,804,443
rec-444-dup-0,viacheslav,<NA>,yolim,1929/08/15,<NA>,804,444
rec-444-org,alla,<NA>,yolik,1992/08/15,<NA>,804,444
rec-445-org,mariia,<NA>,ruda,1985/03/07,<NA>,804,445
rec-446-org,uliana,<NA>,drachynska,1993/10/27,<NA>,804,446
rec-446-dup-0,ulyana,lubomir,drachyjska,1993/10/27,<NA>,804,446
rec-446-dup-1,uliana,maksym,drachynxka,1939/10/27,<NA>,804,446
rec-447-dup-0,ihor,ostap,mykytiuk,1938/08/09,<NA>,804,447
rec-447-org,igor,<NA>,mykytiuk,1983/08/09,<NA>,804,447
rec-448-org,marharyta,<NA>,popoilyk,1960/06/08,<NA>,804,448
rec-449-org,ivan,<NA>,hryhorovych,1981/10/27,<NA>,804,449
rec-449-dup-0,ivan,roman,hrihorovich,1918/10/27,<NA>,804,449
rec-450-org,artem,<NA>,kholiava,1984/12/01,1261049,804,450
rec-451-org,oleksandr,<NA>,skvortsov,1982/12/02,<NA>,804,451
rec-452-org,nataliia,<NA>,mykhailyk,1988/11/28,<NA>,804,452
rec-452-dup-0,nataliy,maksym,mihailik,1988/11/28,<NA>,804,452
rec-453-org,volodymyr,<NA>,pashchenko,1996/06/22,<NA>,804,453
rec-454-org,dmytro,<NA>,mykhno,2020/02/28,<NA>,804,454
rec-455-dup-0,<NA>,anton,semets,1989/02/01,<NA>,804,455
rec-455-org,denys,<NA>,semets,1998/02/01,<NA>,804,455
rec-455-dup-1,<NA>,borys,semets,1989/02/01,<NA>,804,455
rec-456-org,anhelina,<NA>,hetmanenko,2007/11/13,<NA>,804,456
rec-457-org,vladyslav,<NA>,kalenikov,1977/11/15,<NA>,804,457
rec-458-org,viktor,<NA>,ihnatenko,1971/05/27,<NA>,804,458
rec-459-dup-0,władysław,oksana,proshkp,1987/04/29,<NA>,804,459
rec-459-org,vladyslav,<NA>,proshko,1987/04/29,<NA>,804,459
rec-460-dup-0,svitlana,ostap,zharko,1917/11/12,<NA>,804,460
rec-460-org,svitlana,<NA>,tkachuk,1971/11/12,<NA>,804,460
rec-461-org,nadiia,<NA>,lakatosh,2009/05/26,<NA>,804,461
rec-462-org,denys,<NA>,kuzko,2011/08/12,<NA>,804,462
rec-463-org,anna,<NA>,shostak,1959/03/18,<NA>,804,463
rec-463-dup-0,anna,ostap,shostsk,1995/03/18,<NA>,804,463
rec-464-org,ivanna,<NA>,nazarenko,1992/08/31,<NA>,804,464
rec-464-dup-0,iwanna,<NA>,shykhaliieva,1929/08/31,<NA>,804,464
rec-464-dup-1,ivahna,<NA>,shykhaliieva,1929/08/31,<NA>,804,464
rec-465-dup-1,yurii,fedir,barwbash,1917/11/30,<NA>,804,465
rec-465-dup-0,yuriy,petro,barabssh,1971/11/30,<NA>,804,465
rec-465-org,yurii,<NA>,barabash,1971/11/30,<NA>,804,465
rec-466-dup-0,andriisn,stepan,kolomiitsev,1908/02/11,215011,804,466
rec-466-org,andriian,<NA>,kolomiitsev,1980/02/11,215011,804,466
rec-467-org,mykola,<NA>,hutak,2000/06/14,<NA>,804,467
rec-468-org,mariya,<NA>,rudov,2004/04/09,<NA>,804,468
rec-469-org,oleh,<NA>,lastochkin,1985/02/16,<NA>,804,469
rec-470-org,dzhamila,<NA>,perehinets,1994/12/05,<NA>,804,470
rec-471-org,alina,<NA>,kharchenko,2003/04/05,<NA>,804,471
rec-472-org,rostyslav,<NA>,kharkovska,1947/02/09,<NA>,804,472
rec-473-org,sergiy,<NA>,voit,2023/06/09,<NA>,804,473
rec-474-dup-0,viktoriya,maksym,mashlai,1957/06/07,<NA>,804,474
rec-474-org,viktoriia,<NA>,mashlai,1975/06/07,<NA>,804,474
rec-475-org,dmytro,<NA>,yushko,1976/03/24,<NA>,804,475
rec-476-org,artem,<NA>,savina,1965/08/23,223045,804,476
rec-477-org,mykola,<NA>,berezhniuk,1988/09/20,<NA>,804,477
rec-478-dup-0,neon8la,<NA>,mashchejko,2081/06/20,<NA>,804,478
rec-478-org,neonila,<NA>,mashchenko,2018/06/20,<NA>,804,478
rec-479-org,maksym,<NA>,yaremchuk,2003/10/16,<NA>,804,479
rec-480-dup-0,wiktor,<NA>,sirii,1998/10/25,<NA>,804,480
rec-480-org,viktor,<NA>,sirik,1989/10/25,<NA>,804,480
rec-481-org,ihor,<NA>,shabliuk,1969/03/04,<NA>,804,481
rec-481-dup-0,igor,nina,shagliuk,1969/03/04,<NA>,804,481
rec-481-dup-1,ihor,bohdana,shabliik,1996/03/04,<NA>,804,481
rec-482-org,khrystyna,<NA>,mandziuk,1991/03/10,<NA>,804,482
rec-482-dup-0,khrysyyna,nina,rogala,1991/03/10,<NA>,804,482
rec-482-dup-1,kravtsova,anna,rogala,1991/03/10,<NA>,804,482
rec-483-org,olena,<NA>,hasparian,1996/12/14,<NA>,804,483
rec-484-org,diana,<NA>,kutsa,2001/12/03,<NA>,804,484
rec-485-org,savelii,<NA>,linkevych,1989/04/03,<NA>,804,485
rec-486-org,tetiana,<NA>,kliuiko,1994/01/02,<NA>,804,486
rec-487-org,liudmyla,<NA>,polovko,1982/08/26,<NA>,804,487
rec-488-org,matviy,<NA>,korol,2015/05/27,<NA>,804,488
rec-488-dup-0,matfiy,maksym,rupa,2015/05/27,<NA>,804,488
rec-489-org,kateryna,<NA>,shcherba,2004/10/30,<NA>,804,489
rec-490-dup-0,smysh,<NA>,dvorjiak,1948/03/06,<NA>,804,490
rec-490-org,halyna,<NA>,dvorniak,1984/03/06,<NA>,804,490
rec-491-org,yevhenii,<NA>,kabelkov,2006/01/29,<NA>,804,491
rec-492-dup-0,ivan,borys,mykhailiikova,1977/03/17,3004052,804,492
rec-492-org,ivan,<NA>,mykhailiukova,1977/03/17,<NA>,804,492
rec-493-org,danylo,<NA>,velyka,1968/09/17,<NA>,804,493
rec-493-dup-0,daniil,anton,zhukotska,1968/09/17,<NA>,804,493
rec-494-org,miron,<NA>,miroshnychenko,1981/05/11,<NA>,804,494
rec-494-dup-0,mirpn,<NA>,mirosznik,1918/05/11,<NA>,804,494
rec-494-dup-1,mieon,<NA>,mirosznik,1918/05/11,<NA>,804,494
rec-495-org,dmytro,<NA>,kozlovskyi,1977/05/05,<NA>,804,495
rec-496-dup-0,eliha,roman,vakhuoa,1984/05/12,<NA>,804,496
rec-496-org,elina,<NA>,vakhula,1984/05/12,<NA>,804,496
rec-497-org,yana,<NA>,tkachuk,1997/08/31,<NA>,804,497
rec-498-org,ruslan,<NA>,shynkarchuk,2012/01/06,461011,804,498
rec-499-org,heorhii,<NA>,yesipenko,1979/10/28,<NA>,804,499
rec-500-org,nikita,<NA>,kobiasheva,1984/08/03,<NA>,804,500
rec-501-org,olga,<NA>,pihur,2020/03/14,<NA>,804,501
rec-501-dup-0,olha,orest,pihur,2020/03/14,1432064,804,501
rec-502-dup-0,ganna,maryna,mykhailo,2014/08/20,<NA>,804,502
rec-502-org,anna,<NA>,kotsiuba,2014/08/20,<NA>,804,502
rec-503-org,svitlana,<NA>,valovych,1980/08/08,<NA>,804,503
rec-504-org,denys,<NA>,shkir,1998/03/05,<NA>,804,504
rec-505-org,wasyl,<NA>,zaremba,1986/09/14,<NA>,804,505
rec-506-org,oleg,<NA>,bazyliuk,1990/01/28,<NA>,804,506
rec-507-org,zhanna,<NA>,yurkiv,1972/02/20,<NA>,804,507
rec-507-dup-0,żaneta,<NA>,yu5kiv,1927/02/20,<NA>,804,507
rec-508-org,dmytro,<NA>,zelenevych,1975/09/25,<NA>,804,508
rec-508-dup-0,dmytro,bohdana,zelenevhch,1957/09/25,<NA>,804,508
rec-508-dup-1,dmy6ro,inna,zelenevycj,1975/09/25,<NA>,804,508
rec-509-org,kateryna,<NA>,bortnyk,2002/06/06,<NA>,804,509
rec-510-org,serhii,<NA>,chereshniuk,1986/05/06,<NA>,804,510
rec-511-dup-0,olyga,borys,liajh,1990/08/27,<NA>,804,511
rec-511-org,olha,<NA>,liakh,1990/08/27,<NA>,804,511
rec-512-dup-1,yekaterina,<NA>,shuliar,1967/12/06,<NA>,804,512
rec-512-dup-0,kateryna,stanisław,morozowa,1967/12/06,<NA>,804,512
rec-512-org,kateryna,<NA>,morozova,1976/12/06,<NA>,804,512
rec-513-org,taras,<NA>,derkach,1996/12/04,<NA>,804,513
rec-514-org,serhii,<NA>,chopko,1991/03/09,<NA>,804,514
rec-515-org,oleksandr,<NA>,bodrova,1989/02/10,<NA>,804,515
rec-516-dup-0,anastasyia,ostap,tazova,1928/11/23,<NA>,804,516
rec-516-org,anastasiia,<NA>,tazova,1982/11/23,<NA>,804,516
rec-516-dup-1,anatasiia,orest,tazovs,1982/11/23,<NA>,804,516
rec-517-org,veronika,<NA>,szynkarenko,1979/02/15,<NA>,804,517
rec-517-dup-1,veronika,iwan,szynkarenmo,1997/02/15,<NA>,804,517
rec-517-dup-0,weronika,<NA>,szynkarebko,1997/02/15,<NA>,804,517
rec-518-org,yuliia,<NA>,kalashnykova,1990/07/14,<NA>,804,518
rec-519-org,danylo,<NA>,kotsiuba,2005/07/05,<NA>,804,519
rec-520-org,mikhail,<NA>,koba,1979/05/14,<NA>,804,520
rec-521-org,liudmyla,<NA>,korolchuk,2008/01/02,<NA>,804,521
rec-522-org,sofiia,<NA>,palchynska,2016/05/03,<NA>,804,522
rec-522-dup-0,sofoia,antonina,palch6nska,2016/05/03,<NA>,804,522
rec-523-dup-0,daria,iwan,komar0v,1998/02/03,264039,804,523
rec-523-org,daria,<NA>,komarov,1998/02/03,<NA>,804,523
rec-524-org,daria,<NA>,hryno,2015/03/06,<NA>,804,524
rec-525-org,nataliia,<NA>,melnyk,1995/12/18,<NA>,804,525
rec-526-org,andrii,<NA>,smetana,2011/11/29,1465068,804,526
rec-527-org,valentyn,<NA>,zubyk,1990/08/31,<NA>,804,527
rec-528-dup-1,<NA>,maryna,mosenko,1978/09/16,<NA>,804,528
rec-528-org,maksym,<NA>,kosenko,1978/09/16,<NA>,804,528
rec-528-dup-0,maxim,anton,kosenko,1987/09/16,<NA>,804,528
rec-529-dup-1,ołena,stepan,levko,1938/05/28,<NA>,804,529
rec-529-org,olena,<NA>,levko,1983/05/28,<NA>,804,529
rec-529-dup-0,olena,bohdan,levjo,1938/05/28,<NA>,804,529
rec-530-org,ivan,<NA>,arakelian,1979/06/07,<NA>,804,530
rec-531-org,veronika,<NA>,homonets,2003/01/31,<NA>,804,531
rec-532-org,karina,<NA>,sitalo,1998/07/09,<NA>,804,532
rec-533-org,iryna,<NA>,bidula,1981/06/07,<NA>,804,533
rec-534-org,oleksandra,<NA>,babakova,2004/06/03,<NA>,804,534
rec-535-dup-0,władysław,bożena,toropenko,1997/03/28,<NA>,804,535
rec-535-org,vladyslav,<NA>,toropenko,1979/03/28,<NA>,804,535
rec-536-org,aminat,<NA>,mykytyn,1993/02/04,461011,804,536
rec-537-org,dmytro,<NA>,okhniuk,2013/04/10,<NA>,804,537
rec-537-dup-0,dmy6ro,lubomir,okhniyk,2013/04/10,<NA>,804,537
rec-538-dup-0,andżej,<NA>,tomaxhchuk,1947/04/08,<NA>,804,538
rec-538-org,andrii,<NA>,tomashchuk,1974/04/08,<NA>,804,538
rec-539-org,oleksandr,<NA>,kalyn,2004/11/28,<NA>,804,539
rec-540-dup-1,stefan,nina,dorozhynaka,1976/06/19,<NA>,804,540
rec-540-dup-0,serhiy,stepan,dorozhyhska,1976/06/19,<NA>,804,540
rec-540-org,serhii,<NA>,dorozhynska,1976/06/19,<NA>,804,540
rec-541-dup-0,nataliya,antonina,vesns,1980/02/10,<NA>,804,541
rec-541-org,nataliia,<NA>,vesna,1980/02/10,<NA>,804,541
rec-542-dup-0,yulyia,<NA>,holovata,2091/01/22,<NA>,804,542
rec-542-org,yuliia,<NA>,golovata,2019/01/22,<NA>,804,542
rec-543-dup-0,karyna,denys,butik,2021/04/23,<NA>,804,543
rec-543-org,karina,<NA>,butuk,2021/04/23,<NA>,804,543
rec-544-org,svitlana,<NA>,babitska,1954/04/01,<NA>,804,544
rec-545-org,ihor,<NA>,popova,1972/01/14,<NA>,804,545
rec-546-dup-0,iwan,stanisława,tarabenko,1966/08/06,<NA>,804,546
rec-546-org,ivan,<NA>,taranenko,1966/08/06,<NA>,804,546
rec-547-org,neonila,<NA>,malovana,2000/02/15,<NA>,804,547
rec-548-org,liliia,<NA>,mariuk,2002/05/02,<NA>,804,548
rec-549-org,andrii,<NA>,shuliakova,1993/06/13,<NA>,804,549
rec-550-org,vadym,<NA>,verovenko,1989/06/17,<NA>,804,550
rec-551-dup-0,alisia,roman,grytsehko,2009/08/23,<NA>,804,551
rec-551-org,alisa,<NA>,grytsenko,2009/08/23,<NA>,804,551
rec-552-org,sergii,<NA>,kovalenko,2015/07/03,<NA>,804,552
rec-552-dup-0,serhii,fedir,kovalenko,2051/07/03,<NA>,804,552
rec-553-org,oleksandr,<NA>,honcharov,1965/05/03,<NA>,804,553
rec-554-org,daniil,<NA>,dranik,1975/04/15,<NA>,804,554
rec-555-org,yurii,<NA>,iliushchenko,1995/03/02,<NA>,804,555
rec-556-org,lidiia,<NA>,tkachenko,2000/10/07,<NA>,804,556
rec-557-org,svitlana,<NA>,chernenko,1968/01/16,<NA>,804,557
rec-558-org,andrii,<NA>,malanych,2000/03/14,<NA>,804,558
rec-558-dup-0,andrij,borys,malanycy,2000/03/14,<NA>,804,558
rec-558-dup-1,andżej,raisa,maoanych,2000/03/14,<NA>,804,558
rec-559-org,sofiia,<NA>,huliaieva,1991/05/28,<NA>,804,559
rec-560-org,mykhailo,<NA>,lokotosh,1947/01/02,<NA>,804,560
rec-561-org,halyna,<NA>,ivanishyna,2015/04/26,<NA>,804,561
rec-562-org,liliia,<NA>,matvieienko,1981/01/20,<NA>,804,562
rec-563-dup-0,igor,petro,sovhut,1977/08/01,<NA>,804,563
rec-563-org,ihor,<NA>,kovalchuk,1977/08/01,<NA>,804,563
rec-564-org,andriy,<NA>,karetnikova,1987/07/05,<NA>,804,564
rec-565-org,ihor,<NA>,sichko,2020/03/11,<NA>,804,565
rec-565-dup-0,ihor,stanisław,sidhko,2002/03/11,<NA>,804,565
rec-565-dup-1,igor,bohdan,xichko,2020/03/11,<NA>,804,565
rec-566-dup-1,anatolli,petro,kobernhk,1990/05/16,<NA>,804,566
rec-566-dup-0,anatooii,<NA>,koberbyk,1909/05/16,<NA>,804,566
rec-566-org,anatolii,<NA>,kobernyk,1990/05/16,<NA>,804,566
rec-567-org,zlata,<NA>,keivan,1981/06/14,<NA>,804,567
rec-568-org,valeriia,<NA>,parfentieva,1997/10/17,<NA>,804,568
rec-569-dup-1,yuliia,bohdana,bovd6r,2080/12/30,<NA>,804,569
rec-569-dup-0,yuliya,tamara,bovdyr,2080/12/30,<NA>,804,569
rec-569-org,yuliia,<NA>,bovdyr,2008/12/30,<NA>,804,569
rec-570-org,anastasiya,<NA>,makohonenko,2011/08/10,<NA>,804,570
rec-571-org,kiril,<NA>,shvorak,1966/01/06,<NA>,804,571
rec-571-dup-0,oleksenko,maksym,syshchyk,1966/01/06,<NA>,804,571
rec-572-org,mykhailo,<NA>,liulchuk,1999/06/25,<NA>,804,572
rec-572-dup-0,mykhaylo,maksym,liulchyk,1999/06/25,<NA>,804,572
rec-573-org,valeriia,<NA>,petrashchuk,1982/03/21,<NA>,804,573
rec-574-org,volodymyr,<NA>,lysa,1973/03/17,<NA>,804,574
rec-575-org,valentyn,<NA>,trofymchuk,2016/06/02,<NA>,804,575
rec-576-org,volodymyr,<NA>,polishchuk,1982/08/02,<NA>,804,576
rec-577-org,yevhenii,<NA>,pryharska,1974/08/16,<NA>,804,577
rec-578-org,artem,<NA>,vozniak,1993/02/12,<NA>,804,578
rec-579-org,mykhailo,<NA>,halkina,1998/05/06,<NA>,804,579
rec-580-org,ivan,<NA>,shenheliia,1995/08/23,<NA>,804,580
rec-581-org,kira,<NA>,hlyniana,1991/02/14,<NA>,804,581
rec-582-org,valerii,<NA>,shumakova,1999/11/24,<NA>,804,582
rec-583-org,oleksandr,<NA>,sukhatska,1981/10/21,<NA>,804,583
rec-584-org,halyna,<NA>,ushakov,2008/06/23,<NA>,804,584
rec-585-org,sofiia,<NA>,kozak,2012/05/29,<NA>,804,585
rec-586-org,alla,<NA>,filiarovskyi,1976/04/10,<NA>,804,586
rec-586-dup-0,ałła,maksym,filiarovskyi,1967/04/10,<NA>,804,586
rec-587-dup-0,hałyna,nazar,nahirniak,2001/10/02,<NA>,804,587
rec-587-org,halyna,<NA>,boichuk,2001/10/02,<NA>,804,587
rec-587-dup-1,hałyna,fedir,bojczuk,2001/10/02,<NA>,804,587
rec-588-org,tetiana,<NA>,barchuk,1975/12/03,<NA>,804,588
rec-589-org,andrii,<NA>,mamoshyna,2000/12/25,<NA>,804,589
rec-589-dup-0,leonid,ostap,mamosnyna,2000/12/25,<NA>,804,589
rec-589-dup-1,leonid,petro,mamoshyha,2000/12/25,<NA>,804,589
rec-590-org,ivanna,<NA>,prus,1975/04/10,<NA>,804,590
rec-591-org,iryna,<NA>,kachula,1970/02/07,<NA>,804,591
rec-592-org,ihor,<NA>,kravchenko,1988/08/17,<NA>,804,592
rec-593-org,valentyna,<NA>,koretskyi,1986/03/09,<NA>,804,593
rec-594-org,valentyna,<NA>,kuznetsov,2012/05/19,<NA>,804,594
rec-595-dup-1,natalya,bohdan,sobiesiak,2000/10/05,<NA>,804,595
rec-595-org,nataliia,<NA>,shevchuk,2000/10/05,<NA>,804,595
rec-595-dup-0,nataly,bohdan,shevczuk,2000/10/05,<NA>,804,595
rec-596-dup-0,<NA>,<NA>,prln,1968/03/24,<NA>,804,596
rec-596-org,oksana,<NA>,pron,1986/03/24,<NA>,804,596
rec-597-dup-1,<NA>,<NA>,mikh9eieva,1998/01/24,<NA>,804,597
rec-597-org,oksana,<NA>,mikhieieva,1989/01/24,<NA>,804,597
rec-597-dup-0,oksana,<NA>,mikh8eieva,1998/01/24,2464011,804,597
rec-598-org,mariia,<NA>,stashuk,1995/06/01,<NA>,804,598
rec-599-org,stanislav,<NA>,fesiuk,1971/01/24,<NA>,804,599
rec-600-org,sofia,<NA>,kukharets,2015/06/16,<NA>,804,600
rec-601-org,sofiia,<NA>,ivanytska,1963/02/08,<NA>,804,601
rec-602-org,serhii,<NA>,telychko,1998/06/10,<NA>,804,602
rec-603-org,iryna,<NA>,bulana,1991/11/03,<NA>,804,603
rec-604-dup-1,<NA>,<NA>,mykhalsk7i,1965/06/03,<NA>,804,604
rec-604-org,roman,<NA>,mykhalskyi,1956/06/03,<NA>,804,604
rec-604-dup-0,<NA>,<NA>,mykhalwkyi,1965/06/03,<NA>,804,604
rec-605-org,liudmyla,<NA>,kniaz,1952/04/19,<NA>,804,605
rec-606-org,oleg,<NA>,stepovana,1997/02/20,<NA>,804,606
rec-607-org,svitlana,<NA>,nedilska,1997/11/30,<NA>,804,607
rec-608-org,mykola,<NA>,shevchuk,1985/04/24,<NA>,804,608
rec-609-org,vasyl,<NA>,rakochyi,2003/02/15,<NA>,804,609
rec-610-org,viacheslav,<NA>,hyshka,1983/04/23,<NA>,804,610
rec-611-dup-0,włodzimierz,<NA>,karnafwl,1976/12/31,<NA>,804,611
rec-611-org,volodymyr,<NA>,karnafel,1967/12/31,<NA>,804,611
rec-612-org,andrii,<NA>,diachynskyi,2005/04/18,<NA>,804,612
rec-613-dup-0,jana,raisa,valiiev,1908/05/06,<NA>,804,613
rec-613-org,yana,<NA>,valiiev,1980/05/06,<NA>,804,613
rec-613-dup-1,iana,maryna,valiieg,1980/05/06,<NA>,804,613
rec-614-org,inna,<NA>,izvarina,1971/08/15,<NA>,804,614
rec-615-org,vasyl,<NA>,pryshliak,1994/02/15,<NA>,804,615
rec-615-dup-1,vasyly,<NA>,pryshliaj,1949/02/15,<NA>,804,615
rec-615-dup-0,wasyl,<NA>,pryshliai,1949/02/15,<NA>,804,615
rec-616-org,valentyna,<NA>,yatsyshyna,1975/02/24,<NA>,804,616
rec-617-dup-0,halyna,nina,sifak,1908/07/04,<NA>,804,617
rec-617-org,halyna,<NA>,sivak,1980/07/04,<NA>,804,617
rec-618-org,anna,<NA>,kirichenko,2017/07/24,<NA>,804,618
rec-619-org,iana,<NA>,kononenko,1973/10/14,<NA>,804,619
rec-619-dup-0,yana,stepan,konopka,1973/10/14,<NA>,804,619
rec-620-org,kateryna,<NA>,kulish,1969/12/08,<NA>,804,620
rec-621-org,yaroslav,<NA>,bykova,2014/09/02,<NA>,804,621
rec-622-dup-1,wiktoria,stepan,michalczyk,1973/07/02,<NA>,804,622
rec-622-org,viktoriia,<NA>,melnyk,1973/07/02,<NA>,804,622
rec-622-dup-0,viktoriiz,maryna,melnyk,1937/07/02,<NA>,804,622
rec-623-org,serafyma,<NA>,bovsunivskyi,1996/12/05,<NA>,804,623
rec-624-org,sofiia,<NA>,lyshniak,2014/08/15,<NA>,804,624
rec-624-dup-0,sofiya,nina,lyshniak,2041/08/15,<NA>,804,624
rec-624-dup-1,sofija,stanisław,ltshniak,2014/08/15,<NA>,804,624
rec-625-dup-0,<NA>,maryna,kowalowa,1963/01/06,<NA>,804,625
rec-625-org,oksana,<NA>,kovalova,1963/01/06,<NA>,804,625
rec-626-org,mykhailo,<NA>,malanchuk,2016/10/22,<NA>,804,626
rec-626-dup-0,mykha9lo,<NA>,malanchyk,2061/10/22,<NA>,804,626
rec-627-dup-0,yana,nazar,kuryoko,1974/02/15,<NA>,804,627
rec-627-org,iana,<NA>,kurylko,1974/02/15,<NA>,804,627
rec-628-dup-1,andżej,bohdan,shkodycn,1987/09/21,1261029,804,628
rec-628-dup-0,andriy,<NA>,shkodydh,1978/09/21,1261029,804,628
rec-628-org,andrii,<NA>,shkodych,1987/09/21,1261029,804,628
rec-629-org,antonii,<NA>,shevchuk,1968/09/22,<NA>,804,629
rec-630-org,anastasiia,<NA>,studzinskyi,2004/12/29,<NA>,804,630
rec-631-org,vitalii,<NA>,koptieva,1991/05/10,<NA>,804,631
rec-632-org,mariia,<NA>,nahorniuk,1966/07/25,<NA>,804,632
rec-633-org,inna,<NA>,yevtushenko,1986/10/23,<NA>,804,633
rec-634-dup-1,yevhsn,nina,leheta,2031/07/27,<NA>,804,634
rec-634-dup-0,yevhen,bohdana,lejeta,2031/07/27,<NA>,804,634
rec-634-org,yevhen,<NA>,leheta,2013/07/27,<NA>,804,634
rec-635-org,halyna,<NA>,slyva,1986/12/10,<NA>,804,635
rec-636-org,mariia,<NA>,stasiuk,2011/10/18,<NA>,804,636
rec-637-org,ivan,<NA>,zatvarnytska,1966/09/05,<NA>,804,637
rec-637-dup-0,jan,petro,zatvarnytsia,1966/09/05,<NA>,804,637
rec-638-org,tamara,<NA>,fediuk,1986/05/14,1863011,804,638
rec-639-org,oleksandr,<NA>,savichev,1959/04/24,<NA>,804,639
rec-640-dup-0,władysław,inna,kuzmon,2000/07/28,<NA>,804,640
rec-640-org,vladyslav,<NA>,kuzmin,2000/07/28,<NA>,804,640
rec-641-dup-0,weronika,nazar,khmara,2001/11/30,<NA>,804,641
rec-641-org,veronika,<NA>,khmara,2010/11/30,<NA>,804,641
rec-642-org,viktoriia,<NA>,bohaichuk,1988/01/07,<NA>,804,642
rec-643-dup-0,nataly,<NA>,pavlyuk,2070/03/30,<NA>,804,643
rec-643-org,nataliia,<NA>,pavliuk,2007/03/30,<NA>,804,643
rec-644-org,olga,<NA>,frolin,1980/02/28,<NA>,804,644
rec-645-dup-1,waleria,taras,lukash,1946/05/27,<NA>,804,645
rec-645-dup-0,waleria,roman,petrova,1964/05/27,<NA>,804,645
rec-645-org,valeriia,<NA>,petrova,1946/05/27,<NA>,804,645
rec-646-org,stanislav,<NA>,bondaruk,2008/06/03,<NA>,804,646
rec-646-dup-0,stanisław,maksym,boncaruk,2008/06/03,<NA>,804,646
rec-647-org,mykola,<NA>,voskoboinyk,1991/11/13,<NA>,804,647
rec-647-dup-0,verbylo,borys,voskoboibyk,1991/11/13,<NA>,804,647
rec-647-dup-1,mykoka,<NA>,vosk9boinyk,1919/11/13,<NA>,804,647
rec-648-org,vladlen,<NA>,shestopalov,1973/06/04,1661011,804,648
rec-649-dup-1,pawlo,stanisław,halyshyn,2008/05/20,<NA>,804,649
rec-649-dup-0,pawlo,denys,halyshyn,2008/05/20,<NA>,804,649
rec-649-org,pavlo,<NA>,chumak,2008/05/20,<NA>,804,649
rec-650-org,hanna,<NA>,hurova,1992/03/31,<NA>,804,650
rec-650-dup-0,hanna,lubomir,hurofa,1992/03/31,2403105,804,650
rec-650-dup-1,hanna-mariia,bożena,hurovq,1992/03/31,<NA>,804,650
rec-651-org,tetiana,<NA>,serikova,1984/11/23,<NA>,804,651
rec-651-dup-0,tietiana,petro,serikovs,1984/11/23,<NA>,804,651
rec-651-dup-1,tetiana,stanisław,serokova,1948/11/23,<NA>,804,651
rec-652-org,illia,<NA>,yatsenko,1974/10/04,<NA>,804,652
rec-652-dup-0,jelia,taras,yatsenjo,1974/10/04,<NA>,804,652
rec-653-org,olena,<NA>,kozakova,1985/02/19,<NA>,804,653
rec-654-org,hlib,<NA>,stefaniak,2006/12/28,<NA>,804,654
rec-655-org,daryna,<NA>,chyzhevskyi,1999/12/03,<NA>,804,655
rec-655-dup-0,daryns,inna,chyzhevwkyi,1999/12/03,<NA>,804,655
rec-656-org,nikita,<NA>,pesotskyi,1988/06/10,<NA>,804,656
rec-657-org,kyrylo,<NA>,hordiienko,1972/03/26,<NA>,804,657
rec-658-org,oleksandr,<NA>,filshyn,1960/08/29,<NA>,804,658
rec-659-org,mariia,<NA>,zanyk,1984/11/05,<NA>,804,659
rec-660-org,valentyna,<NA>,dobrovolska,2017/02/12,<NA>,804,660
rec-661-org,dana,<NA>,liubun,1977/06/05,<NA>,804,661
rec-661-dup-1,bogdana,orest,liunun,1977/06/05,<NA>,804,661
rec-661-dup-0,bogdana,oksana,liunun,1977/06/05,<NA>,804,661
rec-662-org,mariia,<NA>,svitlychna,2010/01/15,<NA>,804,662
rec-663-org,anna,<NA>,marmazynskyi,1977/02/07,<NA>,804,663
rec-664-org,kyrylo,<NA>,lepetun,1971/04/23,<NA>,804,664
rec-665-org,albina,<NA>,hutnyk,1988/05/20,<NA>,804,665
rec-666-org,volodymyr,<NA>,baziv,2000/07/28,<NA>,804,666
rec-667-org,roman,<NA>,baiush,2022/04/29,<NA>,804,667
rec-668-org,yuliia,<NA>,lysa,1976/02/11,<NA>,804,668
rec-668-dup-0,yuliya,<NA>,lyda,1967/02/11,<NA>,804,668
rec-669-org,oleksandr,<NA>,rubel,2005/11/23,<NA>,804,669
rec-669-dup-1,olesander,bożena,rubeo,2005/11/23,<NA>,804,669
rec-669-dup-0,oleskandr,tamara,ruvel,2005/11/23,<NA>,804,669
rec-670-org,maryna,<NA>,bulyk,1991/01/29,<NA>,804,670
rec-671-org,iryna,<NA>,veretennyk,2015/08/11,<NA>,804,671
rec-672-org,karolina,<NA>,horishniak,2015/07/04,<NA>,804,672
rec-673-org,svitlana,<NA>,shvets,1992/02/28,<NA>,804,673
rec-674-org,viacheslav,<NA>,popova,1972/01/01,<NA>,804,674
rec-675-org,tetiana,<NA>,denysenko,1983/07/12,<NA>,804,675
rec-676-org,oksana,<NA>,maikova,2000/03/03,461011,804,676
rec-677-org,lesia,<NA>,romashov,1997/04/22,<NA>,804,677
rec-678-org,ruslan,<NA>,huk,1997/06/25,<NA>,804,678
rec-679-org,maksym,<NA>,andrushchakevych,1975/04/22,<NA>,804,679
rec-680-org,diana,<NA>,musiurka,2002/05/03,<NA>,804,680
rec-680-dup-0,djana,tamara,musiurka,2020/05/03,<NA>,804,680
rec-680-dup-1,olha,artem,musiurka,2002/05/03,2063011,804,680
rec-681-org,sofiia,<NA>,karasyk,1988/03/07,<NA>,804,681
rec-682-org,yuliia,<NA>,kovach,1977/09/28,<NA>,804,682
rec-682-dup-0,yulyia,orest,kovacy,1977/09/28,<NA>,804,682
rec-683-org,inna,<NA>,reva,2002/08/13,<NA>,804,683
rec-684-org,mariia,<NA>,sokirko,1983/08/06,<NA>,804,684
rec-685-org,mariia,<NA>,seredenko,1980/07/01,<NA>,804,685
rec-685-dup-0,markia,<NA>,seredenkp,1908/07/01,<NA>,804,685
rec-686-org,anzhela,<NA>,ilchenko,1982/01/02,<NA>,804,686
rec-687-org,denys,<NA>,klotsko,2016/03/12,<NA>,804,687
rec-688-org,oksana,<NA>,myrhorodska,2020/01/07,<NA>,804,688
rec-689-org,alina,<NA>,kovalko,2017/09/19,<NA>,804,689
rec-690-dup-0,urbanska,<NA>,tkahuk,2091/05/24,<NA>,804,690
rec-690-org,anastasiia,<NA>,tkachuk,2019/05/24,<NA>,804,690
rec-691-org,tetiana,<NA>,frits,1992/03/21,<NA>,804,691
rec-691-dup-0,tetyana,borys,fritx,1992/03/21,<NA>,804,691
rec-691-dup-1,taciana,bohdana,fritx,1992/03/21,<NA>,804,691
rec-692-org,mariia,<NA>,osiichuk,2002/02/27,<NA>,804,692
rec-693-org,galina,<NA>,stelmakh,1960/03/29,<NA>,804,693
rec-693-dup-0,halyna,<NA>,sorohina,1906/03/29,<NA>,804,693
rec-694-org,andrii,<NA>,seper,1991/09/02,3262011,804,694
rec-695-org,sofiia,<NA>,tsybulko,2002/01/03,<NA>,804,695
rec-695-dup-0,sofiia,ostap,tsybylko,2020/01/03,<NA>,804,695
rec-696-org,alim,<NA>,shcherban,2005/11/12,<NA>,804,696
rec-697-org,viktor,<NA>,polishchuk,1988/12/04,<NA>,804,697
rec-698-org,tetiana,<NA>,tselikova,1985/02/05,<NA>,804,698
rec-699-org,pavlo,<NA>,pishchanskyi,2010/09/28,<NA>,804,699
rec-700-org,ostap,<NA>,hasynets,2003/01/15,<NA>,804,700
rec-701-dup-0,maryna,dmytro,sandulova,1939/08/28,<NA>,804,701
rec-701-org,maryna,<NA>,okhrimenko,1993/08/28,<NA>,804,701
rec-702-org,malvina,<NA>,bodnarchuk,2017/06/10,<NA>,804,702
rec-702-dup-0,malvins,anna,bodnsrchuk,2017/06/10,<NA>,804,702
rec-703-org,yurii,<NA>,petrova,1991/11/23,<NA>,804,703
rec-704-org,maksym,<NA>,kalyta,1993/09/30,<NA>,804,704
rec-705-org,alina,<NA>,maslii,2020/04/13,<NA>,804,705
rec-705-dup-0,oleksandra,fedir,masoii,2020/04/13,<NA>,804,705
rec-706-dup-1,serhij,raisa,kofchova,2010/08/16,<NA>,804,706
rec-706-org,serhii,<NA>,korchova,2010/08/16,<NA>,804,706
rec-706-dup-0,serhiy,dmytro,korvhova,2010/08/16,<NA>,804,706
rec-707-org,tymofii,<NA>,harkushyn,1977/06/22,<NA>,804,707
rec-708-org,valentyna,<NA>,synchuk,1984/03/01,<NA>,804,708
rec-709-org,sofiia,<NA>,banasko,1991/08/27,<NA>,804,709
rec-710-org,oleg,<NA>,morozova,1995/11/21,<NA>,804,710
rec-711-org,nataliia,<NA>,hresko,1970/08/06,<NA>,804,711
rec-711-dup-0,nataliy,ostap,hresko,1907/08/06,<NA>,804,711
rec-712-org,ivan,<NA>,halko,1987/01/20,<NA>,804,712
rec-713-dup-0,wiktor,<NA>,koreuba,2081/03/06,<NA>,804,713
rec-713-org,viktor,<NA>,koreiba,2018/03/06,<NA>,804,713
rec-714-org,nataliia,<NA>,stoianov,2010/01/20,<NA>,804,714
rec-715-org,dominik,<NA>,shvets,1962/05/30,2464011,804,715
rec-715-dup-0,dokinik,jarosław,zaporozhets,1962/05/30,2464011,804,715
rec-715-dup-1,domibik,oksana,turyk,1962/05/30,2464011,804,715
rec-716-org,vasyl,<NA>,yakovyshyn,1972/09/19,<NA>,804,716
rec-717-org,mykyta,<NA>,lobus,1989/06/01,<NA>,804,717
rec-717-dup-1,mikita,raisa,lobus,1998/06/01,<NA>,804,717
rec-717-dup-0,mykyta,nina,lob8s,1998/06/01,<NA>,804,717
rec-718-org,ihor,<NA>,lobanova,1990/08/28,<NA>,804,718
rec-719-org,serhii,<NA>,matusiak,2017/12/01,<NA>,804,719
rec-720-org,volodymyr,<NA>,sukach,1998/03/06,<NA>,804,720
rec-721-org,andrii,<NA>,valkova,2016/06/14,<NA>,804,721
rec-722-org,roman,<NA>,kotsun,1957/11/25,<NA>,804,722
rec-723-org,iryna,<NA>,ravlo,2008/02/28,<NA>,804,723
rec-724-org,vitalii,<NA>,novokhatska,2005/03/20,<NA>,804,724
rec-725-dup-0,mirosława,ostap,melnik,1999/09/09,<NA>,804,725
rec-725-org,myroslava,<NA>,melnyk,1999/09/09,<NA>,804,725
rec-726-org,olha,<NA>,rotar,2018/11/21,<NA>,804,726
rec-727-org,nataliia,<NA>,korieniev,1979/01/01,<NA>,804,727
rec-728-org,dmytro,<NA>,horobets,1997/02/03,<NA>,804,728
rec-728-dup-0,<NA>,taras,gorobets,1997/02/03,<NA>,804,728
rec-729-dup-0,miia,anton,kutstbala,2061/12/02,<NA>,804,729
rec-729-org,miia,<NA>,kutsybala,2016/12/02,<NA>,804,729
rec-730-org,stepan,<NA>,vasylkov,1998/10/02,<NA>,804,730
rec-731-dup-1,katrina,lubomir,onufriichuk,1982/04/29,<NA>,804,731
rec-731-org,kateryna,<NA>,kozachenko,1982/04/29,<NA>,804,731
rec-731-dup-0,katrina,stanisław,kozachenko,1928/04/29,<NA>,804,731
rec-732-org,uliana,<NA>,gutsaliuk,1982/01/16,<NA>,804,732
rec-733-org,nataliia,<NA>,ostapchuk,1979/08/14,<NA>,804,733
rec-734-org,vitalii,<NA>,andrusiak,2010/08/15,<NA>,804,734
rec-735-org,hennadii,<NA>,korenivskyi,1976/08/05,<NA>,804,735
rec-736-dup-0,tetiana,tamara,lazurenmo,2080/08/01,<NA>,804,736
rec-736-org,tetiana,<NA>,lazurenko,2008/08/01,<NA>,804,736
rec-737-org,nataliia,<NA>,bondarenko,2013/11/25,1261049,804,737
rec-738-org,anna,<NA>,kosynska,1986/01/06,<NA>,804,738
rec-738-dup-0,anna,stanisław,kosymska,1968/01/06,<NA>,804,738
rec-738-dup-1,anna-viktoriia,anna,kodynska,1986/01/06,<NA>,804,738
rec-739-org,inna,<NA>,prysiazhniuk,1986/02/16,<NA>,804,739
rec-740-dup-1,vitoria,ustym,hershuj,1996/05/30,<NA>,804,740
rec-740-dup-0,viktoriia,roman,hershjn,1969/05/30,<NA>,804,740
rec-740-org,viktoriia,<NA>,hershun,1996/05/30,<NA>,804,740
rec-741-org,yevhenii,<NA>,kozhukhar,2020/01/21,<NA>,804,741
rec-742-org,arsenii,<NA>,kovalov,1997/01/01,<NA>,804,742
rec-743-dup-0,mykha9lo,<NA>,bezbakh,2001/05/25,<NA>,804,743
rec-743-org,mykhailo,<NA>,kukhar,2010/05/25,<NA>,804,743
rec-744-org,kateryna,<NA>,pleshkov,1977/10/06,<NA>,804,744
rec-745-org,oleksandr,<NA>,bezvershenko,1973/07/01,<NA>,804,745
rec-746-org,dariia,<NA>,hirchak,1983/11/02,<NA>,804,746
rec-747-org,yuliia,<NA>,mandryk,1979/07/17,<NA>,804,747
rec-748-org,svitlana,<NA>,sokol,1990/08/09,<NA>,804,748
rec-749-org,varvara,<NA>,mykhailenko,1971/12/06,<NA>,804,749
rec-750-dup-1,stanisław,inna,pasieka,1968/01/19,<NA>,804,750
rec-750-org,stanislav,<NA>,pasieka,1986/01/19,<NA>,804,750
rec-750-dup-0,stanisław,ustym,pasieka,1968/01/19,<NA>,804,750
rec-751-org,olena,<NA>,maliutina,2020/07/15,<NA>,804,751
rec-752-org,ruslan,<NA>,kosovan,1977/10/03,<NA>,804,752
rec-752-dup-0,rusłan,stanisława,kosogan,1977/10/03,<NA>,804,752
rec-753-org,nataliia,<NA>,sydorenko,1979/04/02,<NA>,804,753
rec-754-org,ivan,<NA>,sashchuk,1983/05/16,<NA>,804,754
rec-755-org,iryna,<NA>,yakymets,1999/03/12,<NA>,804,755
rec-756-org,vadym,<NA>,kryvenko,1978/07/20,<NA>,804,756
rec-757-org,sofija,<NA>,horoshko,2020/10/13,<NA>,804,757
rec-758-org,ivanna,<NA>,dzygar,1978/03/19,<NA>,804,758
rec-759-org,konstantyn,<NA>,antoniuk,1987/10/22,<NA>,804,759
rec-760-org,svitlana,<NA>,krat,1968/06/21,<NA>,804,760
rec-760-dup-0,swietłana,<NA>,krar,1986/06/21,<NA>,804,760
rec-760-dup-1,svitlana,bohdan,krzt,1986/06/21,<NA>,804,760
rec-761-org,serhii,<NA>,pidopryhora,1981/04/10,<NA>,804,761
rec-761-dup-0,serhiy,<NA>,pidopryhorw,1981/04/10,1465011,804,761
rec-762-org,inna,<NA>,pustovit,2004/11/18,<NA>,804,762
rec-763-org,daria,<NA>,mizernyi,1993/04/24,<NA>,804,763
rec-764-org,yevgenii,<NA>,malonko,1994/05/02,<NA>,804,764
rec-765-org,oleksii,<NA>,bolotina,2012/06/16,<NA>,804,765
rec-766-org,oleksandr,<NA>,narodova,1980/07/11,<NA>,804,766
rec-767-dup-0,mariia,<NA>,tkach-kopacz,1909/05/07,<NA>,804,767
rec-767-org,mariia,<NA>,tkach,1990/05/07,1610025,804,767
rec-768-org,volodymyr,<NA>,olshevska,2012/02/09,<NA>,804,768
rec-769-org,hanna,<NA>,rohotska,1988/10/10,<NA>,804,769
rec-769-dup-0,hanna-mariia,dmytro,rohotsla,1988/10/10,<NA>,804,769
rec-770-dup-1,vasyly,<NA>,starczewska,1927/07/29,<NA>,804,770
rec-770-dup-0,vasyly,raisa,khona,1972/07/29,<NA>,804,770
rec-770-org,vasyl,<NA>,khoma,1972/07/29,<NA>,804,770
rec-771-org,ihor,<NA>,kashuba,1993/05/02,<NA>,804,771
rec-772-org,danyil,<NA>,shyshkova,2014/03/06,<NA>,804,772
rec-773-org,sofiia,<NA>,dvorska,1991/11/16,<NA>,804,773
rec-774-org,volodymyr,<NA>,kovalchuk,1999/04/23,<NA>,804,774
rec-775-org,evelina,<NA>,myshchyshyn,2009/02/12,<NA>,804,775
rec-776-org,ihor,<NA>,hryb,1988/06/03,<NA>,804,776
rec-777-org,maksym,<NA>,hrekova,2014/10/26,<NA>,804,777
rec-778-org,olena,<NA>,kurtiak,1995/09/07,<NA>,804,778
rec-778-dup-0,ołena,<NA>,kuryiak,1959/09/07,<NA>,804,778
rec-779-org,ivan,<NA>,melashchenko,1988/02/08,<NA>,804,779
rec-780-org,andrii,<NA>,maikut,1988/05/09,<NA>,804,780
rec-781-org,svitlana,<NA>,shtanhret,1976/05/12,<NA>,804,781
rec-782-org,tetyana,<NA>,artemenko,1979/08/16,<NA>,804,782
rec-783-org,mykyta,<NA>,kravtsov,1997/10/16,<NA>,804,783
rec-784-org,anton,<NA>,dyka,2004/03/07,<NA>,804,784
rec-784-dup-0,<NA>,roman,dyks,2004/03/07,<NA>,804,784
rec-785-org,svitlana,<NA>,prus,1994/06/15,3215034,804,785
rec-786-org,yurii,<NA>,lepekha,1989/07/05,<NA>,804,786
rec-787-org,mykhaylo,<NA>,vasiukhno,1980/11/15,<NA>,804,787
rec-788-org,anna,<NA>,yershova,2003/07/30,<NA>,804,788
rec-788-dup-0,anna,tamara,yershoca,2030/07/30,<NA>,804,788
rec-789-org,serhii,<NA>,nikel,1995/11/17,<NA>,804,789
rec-790-org,serhii,<NA>,sylenko,1975/01/29,<NA>,804,790
rec-791-dup-1,witalij,bożena,kuihtina,1996/04/07,<NA>,804,791
rec-791-dup-0,viyaliy,<NA>,kukhtkna,1969/04/07,<NA>,804,791
rec-791-org,vitaliy,<NA>,kukhtina,1996/04/07,<NA>,804,791
rec-792-org,vladyslav,<NA>,rossinska,1990/12/30,<NA>,804,792
rec-792-dup-1,władysław,<NA>,rossinaka,1909/12/30,<NA>,804,792
rec-792-dup-0,władysław,iwan,rossinzka,1990/12/30,<NA>,804,792
rec-793-dup-0,walentyna,inna,filchajova,1964/02/23,<NA>,804,793
rec-793-org,valentyna,<NA>,filchakova,1964/02/23,<NA>,804,793
rec-793-dup-1,walentyna,bożena,filchak0va,1964/02/23,<NA>,804,793
rec-794-org,maryna,<NA>,hrechykhina,1977/06/23,<NA>,804,794
rec-795-org,maryna,<NA>,soltys,1981/06/24,<NA>,804,795
rec-796-org,daria,<NA>,sharko,1976/01/20,<NA>,804,796
rec-797-org,oleksandr,<NA>,kashuk,2001/03/05,<NA>,804,797
rec-798-org,anna,<NA>,syzon,1991/09/07,<NA>,804,798
rec-798-dup-1,ganna,<NA>,syzpn,1919/09/07,<NA>,804,798
rec-798-dup-0,hanna,bohdan,syzpn,1991/09/07,<NA>,804,798
rec-799-org,yevgen,<NA>,yakovyshyn,1981/02/19,<NA>,804,799
rec-800-org,oleksandr,<NA>,bukalo,1986/10/16,<NA>,804,800
rec-800-dup-0,oleskandr,<NA>,bulalo,1968/10/16,<NA>,804,800
rec-801-dup-0,hennadij,iwan,pastukh,1919/09/07,<NA>,804,801
rec-801-dup-1,hennadiy,nina,onishchuk,1991/09/07,<NA>,804,801
rec-801-org,hennadii,<NA>,pastukh,1991/09/07,<NA>,804,801
rec-802-org,alisa,<NA>,skybeniuk,2007/07/26,<NA>,804,802
rec-803-dup-0,<NA>,<NA>,punkp,2050/02/09,<NA>,804,803
rec-803-org,ostap,<NA>,punko,2005/02/09,<NA>,804,803
rec-804-dup-0,olyga,<NA>,den4ha,1949/11/09,<NA>,804,804
rec-804-org,olha,<NA>,deneha,1994/11/09,<NA>,804,804
rec-804-dup-1,olyga,<NA>,ceneha,1949/11/09,<NA>,804,804
rec-805-org,nadiia,<NA>,popovych,1970/06/21,<NA>,804,805
rec-806-dup-1,olga,<NA>,lukyanova,2040/04/01,<NA>,804,806
rec-806-org,olha,<NA>,lukianova,2004/04/01,<NA>,804,806
rec-806-dup-0,olyga,jarosław,lukyanova,2004/04/01,<NA>,804,806
rec-807-org,yaroslava,<NA>,myrhorodskyi,1972/09/20,<NA>,804,807
rec-808-org,liana,<NA>,hirniak,1976/07/21,<NA>,804,808
rec-809-org,andrii,<NA>,gladkykh,1998/11/26,<NA>,804,809
rec-810-org,yuliia,<NA>,svizhevska,1993/10/25,<NA>,804,810
rec-811-dup-0,oleskandr,ustym,ilqsh,1959/04/19,<NA>,804,811
rec-811-org,oleksandr,<NA>,ilash,1959/04/19,<NA>,804,811
rec-812-dup-1,ołena,dmytro,antoniuk,1969/05/01,3008022,804,812
rec-812-dup-0,ołena,roman,volodymyr,1996/05/01,3008022,804,812
rec-812-org,olena,<NA>,antoniuk,1996/05/01,3008022,804,812
rec-813-org,karina,<NA>,horbach,2009/05/25,<NA>,804,813
rec-814-org,kira,<NA>,bumbi,2015/11/15,<NA>,804,814
rec-814-dup-0,ki4a,<NA>,bumbk,2051/11/15,<NA>,804,814
rec-815-dup-0,andżej,anton,khorsun,1939/02/13,<NA>,804,815
rec-815-org,andrii,<NA>,khorsun,1993/02/13,<NA>,804,815
rec-816-dup-0,olha,ostap,dihyiar,1983/12/29,<NA>,804,816
rec-816-org,olga,<NA>,dihtiar,1983/12/29,<NA>,804,816
rec-816-dup-1,olha,<NA>,dihtia4,1938/12/29,<NA>,804,816
rec-817-org,nina,<NA>,permiakov,1973/11/17,<NA>,804,817
rec-817-dup-0,<NA>,<NA>,permiakiv,1937/11/17,<NA>,804,817
rec-818-dup-0,ołena,bohdan,shykitja,2001/08/13,<NA>,804,818
rec-818-org,olena,<NA>,shykitka,2001/08/13,<NA>,804,818
rec-819-dup-0,mariya,iwan,artemcguk,1963/05/12,<NA>,804,819
rec-819-dup-1,mriia,<NA>,artemchjk,1936/05/12,<NA>,804,819
rec-819-org,mariia,<NA>,artemchuk,1963/05/12,<NA>,804,819
rec-820-org,serhii,<NA>,kovaliuk,1975/09/04,<NA>,804,820
rec-820-dup-0,stefan,petro,kovaoiuk,1975/09/04,<NA>,804,820
rec-821-dup-1,marija,ustym,klimpv,1967/09/07,<NA>,804,821
rec-821-org,mariya,<NA>,klimov,1967/09/07,<NA>,804,821
rec-821-dup-0,mariia,<NA>,klinov,1976/09/07,<NA>,804,821
rec-822-org,denys,<NA>,bolotnyi,2021/06/21,<NA>,804,822
rec-823-dup-1,katrina,orest,bairan,1989/01/16,<NA>,804,823
rec-823-org,kateryna,<NA>,baidan,1989/01/16,<NA>,804,823
rec-823-dup-0,kataryna,antonina,baidan,1998/01/16,<NA>,804,823
rec-824-org,tetiana,<NA>,artiukh,1971/10/13,<NA>,804,824
rec-825-org,diana,<NA>,rivchak,1960/05/13,<NA>,804,825
rec-826-org,irina,<NA>,shved,1996/05/13,<NA>,804,826
rec-827-org,yevhen,<NA>,rohiv,2008/06/24,<NA>,804,827
rec-828-org,olena,<NA>,panchuk,1989/05/05,<NA>,804,828
rec-829-org,svitlana,<NA>,semykin,2006/10/19,<NA>,804,829
rec-830-org,zoriana,<NA>,podhornyi,1986/04/02,<NA>,804,830
rec-830-dup-1,zoriana,petro,podgorny,1968/04/02,<NA>,804,830
rec-830-dup-0,zoryana,<NA>,podgorny,1968/04/02,<NA>,804,830
rec-831-dup-0,rusłan,antonina,najmov,2009/04/28,<NA>,804,831
rec-831-org,ruslan,<NA>,naumov,2009/04/28,<NA>,804,831
rec-832-org,vira,<NA>,shvydka,1966/11/12,<NA>,804,832
rec-833-org,olesia,<NA>,petryshyn,1967/03/26,<NA>,804,833
rec-834-org,tetiana,<NA>,haman,1988/11/05,<NA>,804,834
rec-835-org,yevheniia,<NA>,pototskyi,2006/06/16,<NA>,804,835
rec-835-dup-0,yevheniya,<NA>,p9totskyi,2060/06/16,<NA>,804,835
rec-835-dup-1,zbitniewa,bohdan,pototskyi,2060/06/16,<NA>,804,835
rec-836-org,tiunde,<NA>,dovhoshyia,1983/07/04,<NA>,804,836
rec-837-org,iryna,<NA>,mylianyk,1988/03/11,<NA>,804,837
rec-838-dup-0,andrzej,lubomir,ieoizarova,2010/02/23,<NA>,804,838
rec-838-org,andrii,<NA>,ielizarova,2010/02/23,<NA>,804,838
rec-839-org,taras,<NA>,hrytsak,2006/07/03,<NA>,804,839
rec-840-org,anhelina,<NA>,marynets,1969/10/30,<NA>,804,840
rec-840-dup-0,anheliha,<NA>,maryhets,1996/10/30,<NA>,804,840
rec-841-dup-1,oleksii,ostap,ostwpenko,1929/10/29,<NA>,804,841
rec-841-dup-0,olexiy,anna,osta0enko,1992/10/29,<NA>,804,841
rec-841-org,oleksii,<NA>,ostapenko,1992/10/29,<NA>,804,841
rec-842-org,liudmyla,<NA>,pyrohov,1979/05/18,<NA>,804,842
rec-843-org,nataliia,<NA>,lysiuk,2007/04/03,<NA>,804,843
rec-844-org,yelyzaveta,<NA>,kapustina,1999/01/04,<NA>,804,844
rec-845-dup-0,nataly,<NA>,tolmafh,1979/07/30,<NA>,804,845
rec-845-org,nataliia,<NA>,tolmach,1997/07/30,<NA>,804,845
rec-846-dup-0,dnytro,<NA>,tarakanoga,1969/08/14,<NA>,804,846
rec-846-org,dmytro,<NA>,tarakanova,1996/08/14,<NA>,804,846
rec-847-org,nina,<NA>,kuznichenko,2005/07/04,<NA>,804,847
rec-848-org,denys,<NA>,petryshyn,1995/10/08,<NA>,804,848
rec-848-dup-0,dejys,nazar,petrtshyn,1995/10/08,<NA>,804,848
rec-849-org,irina,<NA>,ogorodnik,2004/06/01,<NA>,804,849
rec-849-dup-1,iryna,borys,ogorodnii,2004/06/01,<NA>,804,849
rec-849-dup-0,iryna,iwan,ovorodnik,2004/06/01,<NA>,804,849
rec-850-org,polina,<NA>,korobova,1960/11/13,<NA>,804,850
rec-851-org,sergii,<NA>,rudenko,2011/09/18,<NA>,804,851
rec-851-dup-0,sergiusz,bożena,rudenko-baran,2011/09/18,<NA>,804,851
rec-852-org,stanislav,<NA>,sliusar,1986/08/11,<NA>,804,852
rec-853-org,oryna,<NA>,rudetska,2018/10/09,<NA>,804,853
rec-854-org,oksana,<NA>,mudryk,2019/01/22,<NA>,804,854
rec-855-dup-0,stefan,jarosław,alokbin,1980/09/05,<NA>,804,855
rec-855-dup-1,stefan,taras,alokhon,1980/09/05,<NA>,804,855
rec-855-org,serhii,<NA>,alokhin,1980/09/05,<NA>,804,855
rec-856-dup-1,anna-viktoriia,fedir,sha5ov,1984/07/30,<NA>,804,856
rec-856-dup-0,hanna,lubomir,xharov,1984/07/30,<NA>,804,856
rec-856-org,anna,<NA>,sharov,1984/07/30,<NA>,804,856
rec-857-org,daniel,<NA>,handzyuk,1959/02/22,<NA>,804,857
rec-858-org,mykola,<NA>,krainyk,1992/03/30,<NA>,804,858
rec-859-org,yevhen,<NA>,borsuk,2023/05/01,3027011,804,859
rec-860-dup-0,bogdana,denys,tymoshevska,1961/07/09,<NA>,804,860
rec-860-org,dana,<NA>,tymoshevska,1961/07/09,3011032,804,860
rec-861-dup-0,nils,<NA>,buchynskhi,1928/03/16,<NA>,804,861
rec-861-org,nila,<NA>,buchynskyi,1982/03/16,<NA>,804,861
rec-861-dup-1,nils,roman,buchynskyi,1928/03/16,<NA>,804,861
rec-862-org,petro,<NA>,stryzhak,1979/07/17,<NA>,804,862
rec-863-org,orest,<NA>,pigur,1990/06/20,<NA>,804,863
rec-864-dup-0,dariia,fedir,zoldak,1988/08/11,<NA>,804,864
rec-864-org,daria,<NA>,bezhenar,1988/08/11,<NA>,804,864
rec-865-org,sviatoslav,<NA>,yarovenko,2020/02/04,264039,804,865
rec-866-org,hanna,<NA>,poltavtseva,1982/04/17,<NA>,804,866
rec-867-org,oksana,<NA>,petrova,1979/01/26,<NA>,804,867
rec-868-org,halyna,<NA>,krymova,2004/03/23,<NA>,804,868
rec-869-org,olena,<NA>,chekhovskyi,2022/01/01,<NA>,804,869
rec-870-org,daryna,<NA>,lukianchuk,1996/09/30,<NA>,804,870
rec-870-dup-0,daryba,fedir,lukianchuk,1969/09/30,<NA>,804,870
rec-870-dup-1,daryna,stanisława,lukjianchuk,1969/09/30,<NA>,804,870
rec-871-org,melaniya,<NA>,vasyliev,1962/10/02,<NA>,804,871
rec-872-org,varvara,<NA>,khlopeniuk,2008/09/01,<NA>,804,872
rec-873-org,olena,<NA>,khomenko,1967/05/19,<NA>,804,873
rec-874-org,yuliia,<NA>,shvedov,1989/03/25,<NA>,804,874
rec-875-org,denys,<NA>,androshchuk,1968/01/08,<NA>,804,875
rec-876-dup-0,marija,stepan,khyo,2000/04/15,<NA>,804,876
rec-876-dup-1,mariia-mariana,anna,khyk,2000/04/15,<NA>,804,876
rec-876-org,mariia,<NA>,khyl,2000/04/15,<NA>,804,876
rec-877-org,anton,<NA>,bielik,2015/12/08,<NA>,804,877
rec-878-org,fedir,<NA>,bahrin,1987/07/29,<NA>,804,878
rec-879-org,artem,<NA>,lutsyk,1989/11/19,<NA>,804,879
rec-880-org,eduard,<NA>,hurak,2021/02/17,<NA>,804,880
rec-881-dup-1,verbylo,ostap,dumsn,1992/12/20,<NA>,804,881
rec-881-dup-0,nikolai,<NA>,dumaj,1929/12/20,<NA>,804,881
rec-881-org,mykola,<NA>,duman,1992/12/20,<NA>,804,881
rec-882-org,oleh,<NA>,kalashnyk,2016/03/22,<NA>,804,882
rec-883-org,oleksandr,<NA>,hentsar,1993/10/21,<NA>,804,883
rec-884-org,nazarij,<NA>,shyshkin,1968/03/14,<NA>,804,884
rec-885-org,nadiia,<NA>,medvediuk,1987/09/25,<NA>,804,885
rec-886-dup-0,hanna-mariia,<NA>,malceva,1947/05/24,<NA>,804,886
rec-886-org,hanna,<NA>,maltseva,1974/05/24,<NA>,804,886
rec-887-org,iryna,<NA>,zhabin,2008/08/05,<NA>,804,887
rec-888-org,weronika,<NA>,shvydka,2016/07/10,<NA>,804,888
rec-889-org,vadym,<NA>,byba,1985/02/08,<NA>,804,889
rec-889-dup-0,vadym,<NA>,ishchenko,1958/02/08,1432015,804,889
rec-890-org,halyna,<NA>,marchenko,1988/08/09,<NA>,804,890
rec-890-dup-0,hałyna,artem,mykhailova,1988/08/09,<NA>,804,890
rec-890-dup-1,smysh,jarosław,marczenko,1988/08/09,<NA>,804,890
rec-891-org,mykola,<NA>,kokoruz,1990/04/20,<NA>,804,891
rec-892-org,anhelina,<NA>,hryhorivska,1987/11/07,<NA>,804,892
rec-893-org,polina,<NA>,bortnik,1979/07/23,<NA>,804,893
rec-893-dup-0,pol8na,petro,bortnik,1997/07/23,<NA>,804,893
rec-893-dup-1,polins,ostap,bortmik,1979/07/23,<NA>,804,893
rec-894-org,oleksandr,<NA>,andriichenko,2013/07/25,<NA>,804,894
rec-895-org,oleksii,<NA>,semotiuk,2008/01/05,3262011,804,895
rec-896-org,kateryna,<NA>,takhtai,2005/11/15,<NA>,804,896
rec-897-org,emin,<NA>,zavalii,1994/10/11,614062,804,897
rec-898-org,hanna,<NA>,tolkachov,1983/11/30,<NA>,804,898
rec-898-dup-0,hanna-mariia,teodor,tolkachov,1938/11/30,<NA>,804,898
rec-899-dup-0,witalij,bohdan,kukhar,2010/12/24,<NA>,804,899
rec-899-org,vitalii,<NA>,kukhar,2001/12/24,<NA>,804,899
rec-900-org,anzhelika,<NA>,davydiuk,1977/01/02,<NA>,804,900
rec-901-org,anna,<NA>,yarko,1986/08/06,<NA>,804,901
rec-902-org,marian,<NA>,kitsak,2009/04/09,<NA>,804,902
rec-903-org,yuliia,<NA>,bielikova,2011/08/07,<NA>,804,903
rec-904-org,inna,<NA>,bolhova,2005/03/07,<NA>,804,904
rec-905-org,bohdan,<NA>,kuvitsa,1962/04/08,<NA>,804,905
rec-906-dup-0,kateryna,antonina,bakhnat,2012/08/30,<NA>,804,906
rec-906-dup-1,katrina,bożena,bakhmat,2012/08/30,<NA>,804,906
rec-906-org,kateryna,<NA>,bakhmat,2021/08/30,<NA>,804,906
rec-907-org,vita,<NA>,makarchuk,1999/04/22,<NA>,804,907
rec-908-org,svitlana,<NA>,halko,1983/12/14,<NA>,804,908
rec-909-org,vitalii,<NA>,knurenko,1987/05/18,<NA>,804,909
rec-910-org,dmytro,<NA>,poloz,1960/06/02,<NA>,804,910
rec-911-org,anastasia,<NA>,ostroverkh,1974/04/04,<NA>,804,911
rec-912-org,yevhenii,<NA>,kovalchuk,2000/01/18,<NA>,804,912
rec-913-org,oleksii,<NA>,cherniakov,1980/03/02,<NA>,804,913
rec-914-org,oleksandra,<NA>,donets,2009/09/24,<NA>,804,914
rec-915-dup-0,tymir,bohdana,hokik,1995/04/19,<NA>,804,915
rec-915-dup-1,tymur,maksym,holkk,1959/04/19,<NA>,804,915
rec-915-org,tymur,<NA>,holik,1995/04/19,<NA>,804,915
rec-916-org,ihor,<NA>,shornikova,1995/10/12,<NA>,804,916
rec-917-org,olena,<NA>,petrova,1980/05/23,<NA>,804,917
rec-918-dup-0,larisa,orest,fedchejko,2004/09/11,<NA>,804,918
rec-918-org,larysa,<NA>,fedchenko,2004/09/11,<NA>,804,918
rec-919-org,daryna,<NA>,kolomiiets,2004/12/10,<NA>,804,919
rec-919-dup-0,daryna,oksana,kravchuk,2040/12/10,<NA>,804,919
rec-920-org,oleh,<NA>,poznakhovskyi,1984/06/22,<NA>,804,920
rec-921-dup-0,<NA>,oksana,sobecka,1984/11/06,<NA>,804,921
rec-921-org,stepan,<NA>,rudyk,1984/11/06,<NA>,804,921
rec-922-org,viktor,<NA>,dluhosh,2015/02/03,<NA>,804,922
rec-923-org,nataliia,<NA>,kovalchuk,1970/02/24,<NA>,804,923
rec-924-org,viktoriia,<NA>,plakhtii,1973/03/18,<NA>,804,924
rec-925-org,mykhailo,<NA>,pylypets,1999/08/26,<NA>,804,925
rec-926-org,anastasiia,<NA>,sandulska,2014/09/28,<NA>,804,926
rec-927-org,halyna,<NA>,rudyi,2005/04/21,<NA>,804,927
rec-928-org,tetiana,<NA>,hrebeniuk,1985/06/26,<NA>,804,928
rec-928-dup-1,tetiana,raisa,hrebeniuj,1958/06/26,<NA>,804,928
rec-928-dup-0,tretiana,ustym,hrebeniuk,1958/06/26,<NA>,804,928
rec-929-org,vladyslav,<NA>,fedoriak,2013/11/03,<NA>,804,929
rec-930-org,oleksandr,<NA>,rozumii,1998/04/16,<NA>,804,930
rec-931-org,iurii,<NA>,khodorenko,2003/01/26,<NA>,804,931
rec-932-org,oleh,<NA>,vlasov,1991/11/01,<NA>,804,932
rec-933-org,mykhailo,<NA>,stetsyk,2004/08/28,<NA>,804,933
rec-933-dup-0,mykhaylo,nina,stetsyi,2004/08/28,<NA>,804,933
rec-934-org,yana,<NA>,prokopiv,1975/07/24,<NA>,804,934
rec-935-org,valentyn,<NA>,kravets,1976/07/05,<NA>,804,935
rec-936-org,svitlana,<NA>,hlibko,2005/02/09,<NA>,804,936
rec-937-org,vitalii,<NA>,demianiuk,1957/08/25,<NA>,804,937
rec-938-org,maksim,<NA>,halakh,1985/04/09,1609042,804,938
rec-939-org,serhii,<NA>,torkoniak,2000/05/20,<NA>,804,939
rec-940-org,oleksandr,<NA>,lutsiuk,1974/09/26,<NA>,804,940
rec-941-org,vita,<NA>,demianenko,1993/12/05,<NA>,804,941
rec-942-org,bohdan,<NA>,maryshchenko,1986/02/08,<NA>,804,942
rec-943-org,pavlo,<NA>,stankovych,1998/10/21,<NA>,804,943
rec-943-dup-0,pavli,tamara,stsnkovych,1998/10/21,<NA>,804,943
rec-944-org,sofiia,<NA>,sernych,1976/08/13,<NA>,804,944
rec-944-dup-0,sofiya,bohdana,sernydh,1976/08/13,<NA>,804,944
rec-945-org,julia,<NA>,protsyk,1996/04/28,<NA>,804,945
rec-945-dup-1,julija,<NA>,protsuk,1969/04/28,<NA>,804,945
rec-945-dup-0,yuliia,teodor,protsyk,1969/04/28,<NA>,804,945
rec-946-org,halyna,<NA>,halushko,2001/05/22,<NA>,804,946
rec-947-org,valentyna,<NA>,tsymbaliuk,1995/04/08,<NA>,804,947
rec-948-org,yuliia,<NA>,dorofieiev,1993/03/22,<NA>,804,948
rec-949-org,mykola,<NA>,yerokhin,1999/03/02,<NA>,804,949
rec-950-org,svitlana,<NA>,taran,1987/06/01,<NA>,804,950
rec-951-dup-0,<NA>,nina,kulisa,2004/06/19,<NA>,804,951
rec-951-org,oksana,<NA>,kulida,2004/06/19,<NA>,804,951
rec-952-org,ihor,<NA>,sikach,1962/01/09,<NA>,804,952
rec-953-org,vladyslav,<NA>,berezhnyi,2009/03/20,<NA>,804,953
rec-954-dup-1,mariia,stanisław,yamets,1998/08/06,<NA>,804,954
rec-954-dup-0,mariia-mariana,bohdana,yemets,1998/08/06,<NA>,804,954
rec-954-org,mariia,<NA>,yemets,1989/08/06,<NA>,804,954
rec-955-dup-0,viacheslav,<NA>,shumsia,2041/12/08,1414011,804,955
rec-955-org,viacheslav,<NA>,shumska,2014/12/08,<NA>,804,955
rec-956-org,nadiia,<NA>,kravchenko,2019/10/30,<NA>,804,956
rec-957-org,yuliia,<NA>,panimatchenko,1980/08/11,<NA>,804,957
rec-957-dup-0,yuliya,stepan,panimatcjenko,1980/08/11,<NA>,804,957
rec-957-dup-1,yuluia,stanisława,panimatchenko,1908/08/11,<NA>,804,957
rec-958-org,volodymyr,<NA>,antoshkiv,1987/07/01,<NA>,804,958
rec-959-org,olha,<NA>,borduliak,1985/10/12,<NA>,804,959
rec-960-org,adelina,<NA>,hrebennyk,1970/12/14,<NA>,804,960
rec-961-org,svitlana,<NA>,hurchenko,2008/01/07,<NA>,804,961
rec-962-org,polina,<NA>,poritska,1979/04/07,<NA>,804,962
rec-963-dup-0,natalis,orest,podorozhnyi,1929/02/16,<NA>,804,963
rec-963-org,natalia,<NA>,podorozhnyi,1992/02/16,<NA>,804,963
rec-964-org,yulia,<NA>,varvaruk,1987/02/23,<NA>,804,964
rec-964-dup-1,yuliia,orest,varvaruk,1978/02/23,<NA>,804,964
rec-964-dup-0,yuliia,<NA>,vsrvaruk,1978/02/23,<NA>,804,964
rec-965-org,andrii,<NA>,cherna,2008/01/10,<NA>,804,965
rec-965-dup-0,andżej,stanisława,cherna,2080/01/10,<NA>,804,965
rec-966-org,oksana,<NA>,udod,1977/10/31,<NA>,804,966
rec-967-org,diana,<NA>,dvorska,1953/02/01,2469011,804,967
rec-968-org,yuliia,<NA>,kuzmych,1999/08/02,<NA>,804,968
rec-969-org,ivan,<NA>,sobkovskyi,1978/01/28,<NA>,804,969
rec-970-org,anna,<NA>,lysak,1983/03/22,<NA>,804,970
rec-971-org,nataliia,<NA>,smetaniuk,1974/07/22,<NA>,804,971
rec-972-org,andrii,<NA>,danylenko,2009/05/07,<NA>,804,972
rec-973-org,mykyta,<NA>,kozupytsia,1998/02/24,<NA>,804,973
rec-973-dup-1,mikita,antonina,kozupytsia,1989/02/24,<NA>,804,973
rec-973-dup-0,mykyts,petro,kozupytsiw,1998/02/24,<NA>,804,973
rec-974-org,illia,<NA>,habakan,1990/09/20,463011,804,974
rec-975-org,mykhailo,<NA>,samus,2022/01/11,2478011,804,975
rec-976-dup-0,andrzej,<NA>,zanyk,1935/11/07,1605042,804,976
rec-976-org,andrii,<NA>,zanyk,1953/11/07,<NA>,804,976
rec-977-org,viktor,<NA>,yavorskyi,1971/12/28,<NA>,804,977
rec-977-dup-0,vikyor,stepan,yaworskyi,1971/12/28,<NA>,804,977
rec-978-org,viktoriia,<NA>,ovsiienko,1981/08/25,203022,804,978
rec-979-org,yurii,<NA>,omelchenko,2017/09/22,<NA>,804,979
rec-980-org,volodymyr,<NA>,parasochka,2017/07/24,<NA>,804,980
rec-981-org,mariia,<NA>,karpus,1964/07/15,<NA>,804,981
rec-982-org,kateryna,<NA>,moroz,2014/09/25,<NA>,804,982
rec-983-org,anna,<NA>,bazar,1987/10/07,<NA>,804,983
rec-984-org,oleksandra,<NA>,poda,2004/06/28,<NA>,804,984
rec-984-dup-0,ołeksandra,artem,podq,2004/06/28,<NA>,804,984
rec-985-org,valentyna,<NA>,smoliarchuk,2018/08/16,<NA>,804,985
rec-986-dup-0,iwan,nazar,barusheva,1988/08/29,<NA>,804,986
rec-986-org,ivan,<NA>,barysheva,1988/08/29,<NA>,804,986
rec-987-org,anastasiia,<NA>,hud,2016/08/24,<NA>,804,987
rec-987-dup-0,anaztazia,raisa,hud,2061/08/24,<NA>,804,987
rec-988-org,pavlo,<NA>,mosurets,1995/09/26,<NA>,804,988
rec-988-dup-0,pawlo,borys,mosutets,1995/09/26,<NA>,804,988
rec-989-org,oliver,stuart,entwistle,1980/03/07,<NA>,826,989
rec-990-org,nicola,mary,hill,1979/06/29,<NA>,826,990
rec-990-dup-0,nicola,maey,hull,1997/06/29,<NA>,826,990
rec-991-dup-0,adrizna,<NA>,kylw,1917/09/16,<NA>,840,991
rec-991-org,adriana,<NA>,kyle,1971/09/16,<NA>,840,991
rec-992-org,timothy,suzanne,dabrowski,1971/12/01,<NA>,840,992
rec-993-org,farkhod,<NA>,kuchkorov,1998/08/14,<NA>,860,993
rec-993-dup-0,varkhod,<NA>,kuchkoroc,1989/08/14,<NA>,860,993
rec-993-dup-1,farkh0d,<NA>,kuchko5ov,1989/08/14,<NA>,860,993
rec-994-org,fazliddin,<NA>,hasanov,1986/03/24,<NA>,860,994
rec-995-org,ulugbek,<NA>,gofurov,1988/04/18,<NA>,860,995
rec-996-org,sherzod,<NA>,nuriddinov,1986/01/14,<NA>,860,996
rec-997-org,marek,<NA>,wycisk,1952/05/29,<NA>,999,997
rec-997-dup-0,mar3k,<NA>,wyc9sk,1925/05/29,<NA>,999,997
rec-998-org,krzysztof,<NA>,jakubowski,1965/12/03,<NA>,999,998
rec-999-org,sara,<NA>,hoffmann,1967/04/09,<NA>,999,999
